engine_temp_c,battery_voltage,oil_pressure_psi,vibration_g,speed_kph,odometer_km,error_code_count,label
90.85,12.31,34.33,0.675,42.4,15079,1,0
90.26,12.46,36.39,0.791,58.1,63315,0,0
93.97,13.06,35.25,0.473,55.6,16393,0,0
98.99,12.28,37.26,0.562,60.6,26603,1,0
71.04,12.1,29.51,0.719,58.3,23427,1,0
91.31,12.25,35.69,0.705,57.8,70496,1,1
86.98,12.04,32.18,0.625,40.0,130072,0,0
98.15,13.11,38.03,0.709,73.5,57179,0,0
99.62,11.68,35.2,0.563,38.7,81708,1,1
96.96,12.1,31.63,0.292,64.0,42995,0,1
86.21,12.25,23.95,0.229,33.6,72472,2,0
94.09,12.48,41.51,0.723,50.5,29671,1,0
101.82,12.39,46.72,0.41,76.9,63453,0,0
90.79,13.11,39.9,0.672,0.0,81328,1,0
86.98,12.4,45.35,0.236,36.4,100853,0,0
92.78,11.78,36.32,0.198,62.7,60095,3,1
102.93,11.75,34.27,0.581,79.9,9572,1,1
104.27,12.76,35.31,0.37,20.0,65862,0,1
87.11,12.56,25.59,0.401,50.2,84718,2,0
83.06,12.63,38.1,0.623,31.0,94001,1,0
102.19,12.7,36.72,1.038,49.9,51121,1,1
92.95,12.66,42.17,0.372,10.5,68982,1,0
98.97,12.7,29.03,0.63,41.1,15509,1,0
86.04,12.66,37.93,0.356,53.0,90451,0,0
92.02,13.53,23.83,0.674,38.9,56994,2,0
109.93,12.18,37.1,0.377,31.2,61874,0,1
75.16,13.4,34.0,0.936,24.9,68776,4,0
80.04,12.13,37.83,0.673,70.8,52289,0,0
101.92,12.63,23.26,0.491,73.0,123796,1,1
82.08,11.98,35.28,0.626,56.6,45653,0,0
82.74,12.72,21.13,0.417,54.0,105660,1,0
88.81,12.03,30.95,0.882,64.9,74621,4,1
96.96,12.55,33.67,1.079,75.1,18015,0,1
98.27,11.73,21.47,0.023,43.6,56903,1,1
82.21,11.39,36.98,0.593,64.9,83723,0,1
90.91,12.07,31.88,0.354,1.7,64689,1,0
86.29,12.59,45.3,0.51,34.8,42256,0,0
91.0,12.43,46.07,0.736,65.7,38611,1,0
94.5,12.61,30.4,1.0,56.3,2918,1,1
92.01,12.63,37.34,0.0,21.8,83178,2,0
106.43,11.37,39.62,0.021,77.3,67600,0,1
97.15,11.45,36.76,0.317,47.2,46044,2,0
94.54,13.31,30.04,0.553,49.0,39308,1,0
84.45,13.28,39.75,0.458,32.3,36469,2,0
95.68,12.31,38.7,0.471,60.3,54503,1,0
91.07,11.97,29.36,0.315,25.3,85973,0,1
110.23,12.41,25.71,0.405,43.5,15346,0,1
88.32,12.02,30.45,0.947,41.8,35102,0,1
86.52,12.64,39.37,0.687,73.0,43485,2,0
88.83,13.0,39.93,0.501,21.2,76849,0,0
86.81,12.52,22.27,0.59,48.5,42464,2,1
87.15,12.06,39.17,0.121,38.3,41068,1,0
92.29,12.97,36.37,0.421,20.8,81655,1,0
86.02,12.41,34.65,0.478,45.2,8563,1,0
101.04,13.52,33.09,0.491,45.2,118265,0,0
80.23,11.11,22.88,0.155,66.4,33949,0,0
96.89,11.85,42.91,0.252,29.7,63682,1,1
92.96,11.8,31.64,0.357,59.5,71513,0,1
87.77,12.33,36.08,0.882,43.0,49476,0,0
87.3,12.57,23.59,0.761,18.4,36679,2,0
91.36,12.44,29.01,0.836,75.0,851,0,1
81.58,12.21,35.78,0.673,40.5,62856,0,0
88.04,12.57,31.93,0.527,41.6,55126,0,0
103.31,12.52,39.39,0.71,63.6,69100,1,1
92.55,11.91,35.14,0.028,44.9,72401,2,0
99.43,12.4,28.86,0.147,25.6,19015,1,0
96.56,12.44,41.26,0.765,32.1,51770,0,0
97.4,12.99,34.96,0.377,66.8,0,1,0
87.43,13.1,40.82,0.435,43.3,48359,0,0
103.04,12.91,39.79,0.226,86.6,119404,1,0
85.07,12.61,29.52,0.491,66.8,14795,3,1
82.1,11.69,33.3,0.242,39.7,0,0,0
83.07,12.26,26.06,0.66,40.5,118221,1,0
96.4,12.15,26.96,0.575,41.5,64989,1,1
95.37,13.27,28.35,0.934,40.1,37001,3,1
102.96,12.81,24.92,0.53,34.5,19746,0,1
96.72,12.6,33.17,0.3,25.3,43345,0,0
91.82,11.95,33.61,0.31,44.9,75212,1,0
78.78,12.21,36.66,0.66,13.0,64775,2,0
91.24,12.63,36.48,0.669,46.4,64574,0,0
102.02,12.3,33.99,0.377,60.7,34359,1,0
83.54,12.5,35.78,0.574,66.3,47625,1,0
102.07,12.72,38.22,0.547,29.3,50178,1,0
92.99,11.72,36.09,0.327,23.3,55359,0,0
98.82,12.37,29.04,0.264,42.0,0,1,1
89.5,12.15,36.09,0.588,66.9,60551,0,0
93.46,13.18,33.08,0.237,27.6,0,1,0
82.13,11.41,28.29,0.642,18.8,7510,1,0
95.46,12.77,34.95,0.176,42.5,75007,0,0
100.82,12.19,32.54,0.504,65.6,67908,0,1
109.18,13.09,39.04,0.219,120.0,24040,0,0
105.02,12.61,26.44,0.567,55.9,50445,0,1
88.51,12.41,31.88,0.684,26.0,8058,0,0
87.41,13.57,37.95,0.209,28.3,67301,0,0
84.07,12.74,43.76,0.473,25.1,51808,1,0
92.45,11.7,35.25,0.332,1.3,39073,0,0
107.55,13.33,31.56,0.383,58.8,91838,0,0
109.66,12.35,32.09,0.53,56.6,29350,0,1
89.77,13.34,39.45,0.477,26.3,50657,2,0
103.6,11.71,33.26,0.936,4.8,95652,0,1
90.62,12.81,16.07,0.021,33.7,61106,0,0
82.51,12.2,29.92,0.561,56.6,102987,0,0
92.38,12.25,34.69,0.109,52.4,32544,0,0
101.29,12.33,41.9,0.568,10.9,27489,1,0
83.28,12.31,33.94,0.247,38.5,45645,1,0
85.51,13.05,28.1,0.105,68.8,12448,0,0
89.36,11.57,36.13,0.451,70.7,77659,4,0
91.83,11.87,41.93,0.705,60.1,36680,0,0
105.68,12.65,33.43,0.733,60.0,89257,0,1
93.56,12.58,40.74,0.248,47.5,126160,1,0
91.85,12.78,45.82,0.527,69.5,33745,1,0
85.98,12.95,30.95,0.299,45.0,117959,1,0
86.15,12.44,27.94,0.357,61.7,58848,2,0
90.42,13.04,31.11,0.12,71.0,72425,1,0
88.77,13.27,30.63,0.355,26.8,28378,0,0
83.75,11.6,26.02,0.11,34.6,39489,0,0
91.62,12.18,32.22,0.898,49.8,74261,1,1
74.63,12.19,37.24,0.331,55.4,29317,1,0
89.91,12.61,38.22,0.468,83.8,47567,0,0
106.15,12.22,27.94,0.83,69.7,63249,0,1
87.03,11.81,41.26,0.0,56.3,73780,3,0
75.53,11.98,35.39,0.589,64.6,1209,0,0
104.35,13.33,32.66,0.774,79.2,95942,1,1
85.68,11.68,40.9,0.413,44.4,42638,0,0
83.83,12.43,36.48,0.481,30.1,83598,2,0
101.88,12.84,19.08,0.31,32.3,83453,1,1
97.09,11.95,30.52,0.194,41.6,56426,1,0
99.25,12.86,44.28,0.678,48.7,80172,1,0
102.32,13.26,46.86,0.509,51.5,72490,0,0
91.03,12.3,45.55,0.541,46.3,86460,1,0
91.49,11.79,34.81,0.216,49.2,24556,1,0
94.24,12.35,37.5,0.009,23.1,55538,1,0
83.96,12.47,32.28,0.233,51.6,53700,2,0
97.88,12.56,29.93,0.266,15.6,146370,0,0
89.12,12.26,31.5,0.033,25.0,18279,0,0
86.5,12.51,31.5,0.733,37.3,66754,0,0
88.76,12.6,36.98,0.457,49.3,48441,2,0
95.86,11.81,28.4,0.334,40.1,73440,0,1
92.03,11.39,32.15,0.0,30.0,43526,0,0
88.85,12.1,44.01,0.804,22.2,97616,0,0
104.2,11.28,38.45,0.187,42.1,54593,2,1
91.45,12.71,33.49,0.294,43.8,62805,1,0
88.41,12.56,34.0,0.454,44.7,39124,0,0
83.24,12.98,36.3,0.181,50.7,65018,1,0
89.07,12.05,31.36,0.255,30.1,68535,1,0
86.09,12.57,31.99,0.24,42.0,52065,0,0
98.77,12.42,35.79,0.632,44.4,86738,2,1
95.52,12.84,32.97,0.218,63.1,12937,2,0
93.5,12.43,45.51,0.263,21.8,42055,0,0
93.23,12.47,30.12,0.901,17.2,21698,1,1
95.34,12.09,28.8,0.339,31.3,75749,0,1
96.7,12.92,40.4,0.696,60.4,44499,0,0
94.33,12.06,37.41,0.632,18.0,29584,0,0
93.34,11.82,35.28,0.078,1.9,81499,0,0
80.66,11.7,32.61,0.397,64.7,73485,0,0
100.93,12.61,32.56,0.755,80.4,79816,2,1
98.79,11.85,28.32,0.488,11.6,42211,1,1
96.27,11.72,32.04,0.756,49.2,68708,2,1
84.99,13.06,31.31,0.496,45.3,92191,0,0
96.19,12.81,33.74,0.751,30.8,94411,1,0
95.26,12.49,32.87,0.316,40.2,16735,2,0
86.71,12.97,38.51,0.68,75.3,50635,0,0
98.37,12.24,27.41,0.81,56.5,18795,1,1
88.14,11.84,31.17,0.292,32.7,81727,1,1
100.74,12.21,35.48,0.635,79.1,86972,2,1
100.46,11.51,40.29,0.553,46.1,44182,0,1
98.72,11.65,36.31,0.36,26.0,71778,0,0
85.85,12.54,34.94,0.227,28.2,54524,1,0
95.9,11.99,51.37,0.265,29.2,65820,0,0
106.41,12.21,36.04,0.371,45.0,102952,1,1
104.37,12.98,37.92,0.335,46.3,36136,1,0
74.12,12.86,36.15,0.77,42.3,65653,2,0
94.3,14.01,33.99,0.542,79.7,35849,0,0
96.27,12.71,39.45,0.162,65.1,95917,0,0
97.4,12.58,38.85,0.228,41.5,23625,1,0
91.21,12.55,25.66,0.714,35.7,63871,2,0
101.58,12.46,35.17,0.639,20.1,77823,1,1
90.27,12.22,37.22,0.485,21.5,54181,2,0
85.04,12.76,23.88,0.0,44.9,65427,1,0
90.8,11.7,36.32,0.096,42.0,67847,0,0
98.31,13.17,25.98,0.585,20.3,19642,2,1
85.57,12.51,38.85,0.545,89.9,78173,1,0
86.11,12.3,35.08,0.337,23.3,100902,1,0
97.44,12.74,42.6,0.236,60.6,41766,2,0
73.83,12.42,24.3,0.446,43.8,47960,0,0
85.24,12.28,42.73,0.677,35.6,98216,0,0
90.6,12.52,38.83,0.33,61.0,59720,3,0
102.15,12.72,27.96,0.84,23.8,0,1,1
92.42,12.27,44.5,0.678,31.9,81945,0,0
83.59,11.3,27.94,0.806,23.0,43499,0,1
92.01,12.65,34.37,0.207,25.5,85117,0,0
66.7,12.96,32.04,1.043,34.8,60848,1,0
98.98,12.08,42.73,0.698,54.9,38274,0,1
75.73,12.12,40.63,0.183,70.6,41150,1,0
95.88,12.63,41.82,0.839,70.1,66267,0,1
81.57,12.18,39.42,0.611,76.9,59878,0,0
93.39,12.22,43.47,0.438,16.3,74003,0,0
94.16,11.7,41.48,1.092,4.9,87092,1,1
94.75,12.65,30.84,0.853,18.0,118756,2,1
91.96,13.11,32.05,0.459,37.0,95024,0,0
96.32,12.3,29.8,0.165,14.6,24605,0,0
94.4,12.43,30.04,0.245,25.1,18363,0,0
80.76,12.41,31.29,1.107,9.1,65799,0,0
94.52,12.48,28.59,0.607,52.8,99284,0,1
90.43,11.41,38.14,0.48,27.4,87997,0,1
91.34,12.78,39.08,0.618,24.4,87591,1,1
95.83,12.78,30.41,0.398,46.9,24885,0,0
91.38,12.5,41.7,0.4,58.6,55660,0,0
75.46,12.43,31.17,0.268,7.3,46713,0,0
90.09,11.56,30.96,0.689,33.1,51563,0,1
78.4,12.38,31.65,1.238,40.7,46331,1,0
94.03,11.96,44.33,0.343,52.5,93970,0,0
96.69,12.74,28.46,0.545,26.1,37638,0,1
104.77,13.7,34.66,0.29,25.6,108224,0,0
87.47,13.27,28.92,0.775,71.3,54996,1,0
91.29,12.29,19.52,0.604,52.1,9198,0,0
87.77,12.25,29.25,0.248,51.1,45742,0,0
95.66,12.32,40.17,0.526,62.8,97412,0,0
106.26,11.91,34.81,0.411,53.8,75599,0,1
85.15,12.33,41.14,0.988,34.7,83468,1,0
84.36,11.8,31.98,0.396,45.6,98330,1,1
90.05,12.79,37.49,0.877,37.4,85357,2,0
91.4,12.65,32.39,0.281,81.7,53110,2,0
90.34,12.8,33.76,0.275,30.6,68180,0,0
73.94,12.12,33.92,0.372,25.1,33494,1,0
80.81,12.26,40.86,0.584,43.1,46478,1,0
74.51,12.04,23.3,0.823,61.5,36352,1,1
87.02,13.05,37.18,0.441,22.9,43322,0,0
96.24,12.24,37.76,0.395,105.0,10281,0,0
110.87,11.9,45.98,0.271,70.9,62261,3,1
86.82,13.87,28.26,0.422,81.2,37956,0,0
95.62,12.59,30.53,0.549,57.7,105119,1,0
92.23,12.09,42.91,0.081,56.2,28038,2,0
93.75,12.65,32.98,0.669,44.0,81936,1,0
87.89,13.16,43.72,0.526,42.5,49942,1,0
84.17,12.73,42.4,0.261,41.3,73906,1,0
87.77,12.17,37.31,0.607,44.6,19073,0,0
82.23,12.51,32.84,0.349,45.5,110290,1,0
80.21,12.66,41.82,0.652,68.3,74297,0,0
96.2,12.76,32.04,0.484,52.3,98138,2,1
95.17,11.89,28.39,0.477,65.8,71860,1,0
80.31,12.96,34.79,0.172,62.6,67741,3,0
94.77,12.32,36.39,0.474,16.2,87825,1,0
86.92,11.99,40.89,0.489,74.7,12254,0,0
86.76,11.87,31.84,0.31,55.8,93545,0,0
92.11,12.44,40.0,0.53,33.4,26643,0,0
92.12,12.86,32.73,1.081,43.5,45499,1,0
93.67,11.37,39.06,0.517,49.2,64644,0,0
104.53,12.65,31.42,0.605,53.2,118634,2,1
88.41,13.29,34.39,0.282,20.6,34128,0,0
99.31,12.98,35.92,0.708,90.2,87308,2,0
86.07,12.02,18.94,0.518,72.8,43940,1,0
88.07,12.54,27.83,0.794,6.6,69667,0,1
98.09,11.36,20.47,0.25,35.0,54329,1,1
81.07,11.5,36.51,0.41,42.9,40745,0,0
79.01,11.79,38.85,0.892,40.9,22118,1,0
82.01,13.49,49.05,0.557,54.7,56462,2,0
92.51,13.08,38.76,1.033,12.3,43332,0,0
88.05,12.7,27.99,0.476,90.9,109151,0,0
98.61,12.15,28.39,0.665,47.0,76576,0,1
84.69,12.15,38.09,0.683,17.4,98919,0,0
89.54,12.05,41.8,0.0,30.4,32917,1,0
98.2,13.1,21.65,0.541,17.3,48751,1,0
103.01,11.41,29.99,0.13,12.2,90173,1,1
101.48,12.43,29.18,0.748,31.2,24017,0,1
102.12,12.43,42.35,0.523,36.5,141635,2,1
85.34,11.6,37.41,0.436,54.3,69691,1,1
94.51,12.04,30.38,0.646,23.6,81550,1,1
85.75,11.51,28.26,0.094,45.5,46731,0,0
93.03,12.42,38.35,0.759,12.9,81200,0,0
100.1,12.75,38.99,0.546,73.3,13775,0,0
108.28,12.91,41.23,0.31,90.0,74154,0,1
80.58,11.97,33.6,0.255,55.5,68302,1,0
78.93,13.08,30.05,0.866,83.1,129046,0,0
94.62,12.37,24.42,0.684,26.5,103260,1,1
92.29,12.28,32.26,1.275,26.3,61660,1,1
86.97,11.74,42.15,0.678,54.4,14736,1,0
89.3,11.71,34.66,0.282,46.6,61900,0,0
91.47,12.66,37.51,0.752,25.7,49640,1,0
101.01,12.77,32.33,0.72,39.9,88698,2,1
110.32,11.62,31.71,0.433,37.0,71173,0,1
99.88,12.61,28.93,0.637,58.5,70616,1,1
87.61,12.22,39.0,0.633,62.1,51479,0,0
88.54,12.8,39.75,0.046,55.7,57383,0,0
94.11,12.81,50.41,0.355,37.1,104670,0,0
92.37,12.89,37.43,0.272,64.4,85354,0,0
87.79,11.83,41.39,0.419,39.4,28867,0,0
97.99,11.59,29.06,0.659,35.0,43402,0,1
92.76,12.21,41.84,0.483,25.7,80814,2,0
78.38,12.16,26.9,0.91,17.2,50169,2,1
87.89,12.01,33.91,0.44,74.9,55360,0,0
100.29,12.29,39.63,0.513,20.9,57567,0,0
84.49,12.57,36.12,0.17,26.6,59919,1,0
74.35,13.04,45.63,0.896,55.9,80159,0,0
82.95,12.46,26.42,0.646,37.9,83012,1,0
98.75,11.81,33.41,0.366,59.9,57734,1,1
73.23,11.94,35.7,0.753,56.5,99322,0,0
88.0,12.18,30.02,0.364,41.2,40453,1,0
95.42,12.49,37.68,0.384,34.8,89470,0,1
80.75,12.28,28.24,0.303,29.2,45578,1,0
96.88,11.68,32.57,0.83,54.2,68168,1,1
97.02,13.1,28.77,0.482,57.7,82489,1,1
87.99,11.73,42.63,0.5,34.0,61072,0,0
99.12,12.56,38.25,0.508,65.5,0,0,0
88.69,11.92,38.72,0.255,49.3,63728,1,0
90.45,13.01,38.26,0.741,43.4,8931,0,0
102.41,12.97,37.55,0.286,47.6,52148,0,0
95.71,12.39,39.83,0.135,22.5,169388,0,0
95.5,11.91,45.37,0.484,48.0,114551,0,0
89.24,11.71,36.66,0.618,48.7,79674,1,1
90.07,13.01,30.82,0.849,41.1,82944,2,0
90.46,12.2,45.24,0.398,99.6,14162,1,0
96.04,12.12,32.29,0.044,47.2,15062,0,0
91.03,12.91,26.88,0.605,51.5,50928,0,0
99.07,12.21,40.08,0.432,79.5,60804,0,0
80.58,12.59,33.64,0.57,31.3,55486,0,0
90.25,13.33,30.87,0.78,23.9,46040,0,0
95.5,12.47,36.41,0.229,73.1,101685,0,0
97.19,12.31,33.8,0.377,38.1,45718,1,0
88.57,12.09,26.0,0.89,55.2,85995,0,1
93.16,13.13,34.92,0.489,34.4,62324,1,0
104.32,12.44,42.31,0.0,35.6,67491,1,0
91.55,12.17,30.2,0.975,67.4,99233,1,1
96.44,12.39,34.23,0.494,32.3,33857,0,0
96.79,12.82,30.38,0.043,52.9,67152,1,0
76.66,13.26,33.7,0.626,43.6,72406,0,0
81.16,11.86,30.75,0.048,35.8,38673,0,0
91.91,11.98,47.07,0.68,67.4,50148,1,0
83.85,12.06,52.49,0.397,54.7,53561,1,0
83.96,12.97,36.19,0.0,45.5,54540,1,0
94.74,12.44,36.74,0.212,28.7,34430,0,0
100.62,12.71,31.39,0.366,36.2,93386,1,1
84.24,12.29,27.44,0.146,41.9,49928,0,0
93.57,12.26,40.49,0.638,18.8,71870,0,1
91.76,12.15,32.56,0.125,70.5,123580,0,0
91.12,12.1,42.31,0.812,40.1,122138,1,0
94.24,12.03,43.72,0.654,37.9,54434,0,0
81.65,12.4,31.9,0.642,65.9,83608,0,0
89.6,12.39,37.93,0.358,25.7,65202,2,1
98.35,11.9,43.45,0.289,29.6,72828,0,0
91.57,12.6,30.06,0.712,55.3,49100,1,0
94.9,12.35,30.23,0.544,55.0,37891,0,0
95.14,13.01,32.22,0.829,18.9,69023,0,0
97.78,13.41,35.3,0.313,65.5,61234,1,0
100.74,11.53,35.31,0.496,23.6,11283,0,1
86.2,12.33,32.89,0.504,76.5,59096,2,1
99.74,12.04,33.24,0.27,53.3,57988,1,1
93.34,12.22,29.16,0.39,59.3,55083,0,1
95.9,11.66,34.52,0.282,43.9,71708,1,1
87.99,12.25,38.44,0.74,24.4,80601,1,0
89.75,12.77,37.56,0.6,30.4,8330,0,0
95.67,12.02,38.81,0.602,30.2,88350,0,0
94.01,12.39,29.57,0.655,44.8,37253,0,1
92.79,12.46,43.26,0.0,70.4,100913,0,0
85.5,11.88,34.39,0.957,52.2,61495,1,0
103.98,13.19,37.58,0.303,66.4,68840,1,0
95.49,11.95,43.94,0.57,51.5,78452,1,1
93.58,12.31,31.7,0.372,39.2,89683,0,0
91.19,12.67,38.89,0.994,17.1,53161,1,0
105.93,12.34,30.24,0.743,1.0,66367,0,1
94.99,12.8,37.47,1.022,46.2,49742,2,1
95.35,10.43,37.72,0.481,36.3,40309,1,1
117.19,12.98,37.22,0.975,50.5,33150,2,1
96.8,13.0,38.21,0.137,49.1,56307,0,0
82.52,12.15,41.75,1.188,62.1,36352,0,0
96.91,12.6,36.43,0.8,89.7,60288,1,1
88.3,11.3,37.96,0.317,71.3,65472,2,0
101.05,11.58,40.63,0.441,63.7,49256,1,1
95.07,12.62,45.08,0.36,73.1,49376,2,1
85.61,11.32,35.98,0.327,34.5,50122,0,1
101.0,12.98,48.87,0.307,0.0,120706,1,0
77.58,11.72,39.15,0.464,1.9,31785,2,0
93.71,13.82,41.16,0.953,71.7,84937,0,0
86.07,12.53,35.01,0.594,44.6,74332,1,0
89.7,11.09,40.23,0.307,26.8,86030,1,1
99.62,11.85,33.62,0.362,79.6,85914,0,1
95.0,12.34,37.8,0.713,42.2,22485,1,0
82.84,12.02,33.5,0.507,56.2,53625,1,0
96.37,12.6,38.42,0.859,39.3,12202,0,0
92.2,12.56,24.66,0.291,55.8,83333,0,0
86.31,11.82,35.43,0.554,52.9,81901,2,1
89.11,12.87,26.19,0.525,66.1,80374,1,1
86.07,12.8,34.44,0.779,47.4,83462,2,0
90.32,12.22,30.84,0.76,71.2,52670,0,0
95.47,11.93,23.25,0.389,4.2,69763,0,1
102.37,11.95,22.11,0.493,54.4,17113,0,1
92.22,12.09,50.98,0.434,48.7,45457,1,0
66.75,13.08,27.07,0.16,42.8,125877,1,0
85.86,12.73,32.78,0.678,5.7,75853,1,0
83.74,12.33,32.08,0.573,16.3,33463,3,0
88.59,12.31,33.33,0.802,33.6,85647,0,1
90.29,12.31,34.47,0.638,21.1,30886,3,1
89.11,12.72,34.64,0.0,48.2,56343,1,0
90.24,12.97,34.09,0.393,52.3,48175,2,0
94.91,12.05,27.51,0.68,50.2,79123,1,1
92.96,11.4,38.12,0.229,54.3,81778,0,0
101.78,11.57,38.86,0.53,64.0,10443,1,1
102.87,12.02,33.32,0.96,16.6,58627,1,1
84.53,12.88,40.33,0.954,29.1,45549,2,0
91.92,11.64,33.7,0.741,58.6,93388,2,1
84.76,11.8,34.26,0.755,79.5,66563,1,0
101.81,12.02,34.37,0.481,44.5,114246,0,1
86.76,11.99,31.03,0.662,44.7,93636,0,0
89.03,12.54,26.18,0.473,55.7,35800,0,0
90.85,12.63,51.49,0.791,19.8,13896,0,0
97.26,12.14,41.01,0.844,74.2,28007,1,0
85.56,11.76,33.43,0.141,60.5,59630,0,0
104.25,12.57,31.5,0.429,42.9,38953,0,0
101.94,11.99,23.42,0.478,67.1,8327,1,1
96.29,12.68,38.65,0.104,57.3,101325,0,0
83.88,13.05,31.29,0.912,37.4,80332,0,0
76.22,12.58,22.52,0.199,82.8,87240,1,0
87.04,12.68,46.1,0.663,53.7,75241,0,0
99.37,12.09,31.15,0.862,49.2,25880,0,1
91.48,12.36,33.5,0.918,61.6,104489,0,1
101.4,12.76,30.92,0.311,64.2,53624,1,0
91.06,12.46,30.02,0.925,56.0,101980,0,0
89.45,11.97,39.07,0.678,34.7,50410,1,0
88.73,13.18,30.52,0.371,95.1,0,0,0
88.72,12.65,47.72,0.321,33.2,72323,0,0
90.93,11.74,37.79,0.709,41.8,53285,1,0
89.53,12.37,43.83,0.488,42.7,55075,0,0
84.65,12.83,31.59,0.523,35.5,20162,0,0
88.68,12.06,32.43,0.416,49.6,47650,0,0
94.86,12.56,36.27,0.658,43.0,96388,1,1
91.36,12.54,30.91,0.504,61.4,49035,2,0
104.67,11.88,33.34,0.376,65.2,79263,0,1
91.79,12.76,40.01,0.485,36.1,63062,1,0
88.37,13.27,31.23,0.878,72.9,88413,2,0
89.47,12.14,30.97,0.709,15.4,17329,2,1
95.31,12.86,39.65,0.453,15.6,98492,1,0
93.14,12.17,34.31,0.418,56.0,53747,0,0
95.89,11.69,37.45,0.722,42.0,65630,0,0
96.17,12.36,37.58,0.441,39.8,64868,0,0
88.61,11.68,35.86,0.174,0.0,27096,0,0
79.71,12.29,42.3,0.707,45.2,87633,0,0
97.43,11.86,37.0,0.494,37.7,46258,2,0
94.15,12.26,30.55,0.51,51.3,58201,1,1
87.19,12.61,24.57,0.614,7.7,78940,0,0
80.36,12.41,39.94,0.655,44.7,59805,2,0
87.0,12.11,30.92,0.491,21.8,0,0,0
93.49,12.94,27.24,0.372,16.2,67374,0,0
92.33,12.05,28.87,0.895,61.2,54475,0,1
96.59,12.48,41.05,0.807,43.3,45957,0,0
99.24,12.19,24.92,0.616,43.0,45984,0,1
97.57,11.83,35.91,0.229,17.8,0,1,1
89.52,12.37,45.53,0.311,21.3,63826,1,0
80.59,12.02,39.11,0.679,11.6,23321,0,0
109.65,12.26,35.37,0.301,96.7,41942,0,1
81.41,12.8,34.95,0.289,33.1,3178,0,0
88.4,12.15,31.47,0.354,28.2,97020,2,0
101.15,12.25,33.19,0.293,58.9,78541,0,0
87.86,11.95,34.85,0.02,36.3,116685,1,0
96.43,12.44,33.08,0.354,45.0,42228,0,0
98.53,11.75,32.19,0.902,80.9,71093,2,1
90.94,11.4,34.63,0.179,47.7,112385,1,0
82.65,11.42,23.56,0.907,62.1,56068,0,1
91.91,13.1,37.34,0.004,66.2,2105,0,0
92.32,11.77,26.73,0.238,61.3,54428,1,1
93.91,12.69,29.18,0.479,22.0,76614,1,1
91.77,12.85,34.13,0.36,55.0,81778,3,0
83.19,11.91,27.19,0.519,23.0,100869,0,0
93.21,12.57,28.78,0.492,36.5,56961,1,1
88.28,12.81,36.98,0.91,0.0,40719,2,0
103.88,12.44,22.75,0.681,23.9,32615,2,1
84.33,13.4,40.57,0.416,29.2,53881,2,0
81.81,13.04,33.31,0.525,55.5,48297,1,0
101.93,13.49,34.29,0.493,72.3,77871,1,0
88.67,12.51,25.92,0.408,79.2,52285,0,0
91.91,12.11,29.79,0.557,50.7,65237,1,0
86.88,12.24,34.68,0.747,30.4,36672,2,0
80.82,12.24,27.58,0.216,18.3,36120,3,0
103.05,12.94,34.19,0.601,47.1,27957,0,1
82.25,12.5,38.91,0.688,52.4,23978,1,0
84.18,11.41,37.71,0.112,10.9,112437,0,0
92.57,12.44,28.88,0.323,61.1,51636,0,0
87.41,12.83,30.62,0.262,52.5,77959,1,0
98.0,13.21,42.02,0.109,103.6,20231,0,0
91.25,12.58,42.87,0.733,27.1,62162,2,0
101.0,12.81,39.25,0.372,18.6,72671,0,0
85.02,12.21,32.43,0.742,60.0,60684,1,1
77.9,12.77,41.48,0.804,61.1,36782,0,0
87.29,12.3,25.97,0.202,51.9,47219,0,0
94.41,12.27,36.04,0.522,40.0,59659,0,0
77.3,11.82,27.88,0.4,67.6,59729,1,0
94.3,13.25,34.48,0.294,21.7,67887,0,0
83.9,11.57,37.88,0.177,57.1,91122,0,0
103.14,12.17,44.59,0.418,26.2,62926,1,1
99.09,12.58,38.94,0.545,60.8,44438,0,0
113.51,12.8,30.8,0.848,7.7,52443,1,1
87.25,12.32,31.74,0.304,23.3,13198,0,0
100.05,12.07,27.73,0.901,22.1,62837,0,1
95.09,12.63,42.63,0.667,48.1,78737,0,0
96.26,12.64,38.59,0.13,22.3,63968,1,0
92.85,12.31,42.55,0.587,59.9,95856,2,0
97.81,12.53,41.44,1.07,24.1,37417,2,1
88.56,12.05,40.62,0.64,85.2,57264,1,1
80.53,11.87,36.63,0.357,36.6,40172,0,0
81.76,12.59,35.75,0.745,55.4,72718,1,0
88.01,12.54,40.61,0.662,40.8,54411,1,0
98.79,12.79,40.57,0.748,65.0,3478,1,0
84.38,12.33,42.1,0.583,49.6,113568,1,0
80.85,11.96,35.67,0.115,53.8,69266,0,0
96.13,12.08,39.4,0.321,56.8,103729,1,0
92.71,12.44,29.83,0.185,37.4,86050,1,0
91.64,13.38,29.92,0.61,40.2,104742,1,0
93.93,11.84,29.77,0.732,44.6,85667,0,1
90.6,11.42,29.63,0.151,15.7,75314,1,1
86.1,12.67,26.19,0.379,41.8,42890,1,0
95.77,12.55,40.73,0.38,58.0,68324,1,0
74.75,13.36,29.51,0.301,38.6,20699,2,0
86.53,11.99,37.62,0.849,50.5,36774,2,1
86.22,12.36,35.79,0.559,45.0,60717,2,1
93.38,11.94,28.7,0.703,12.5,54545,1,1
88.76,13.32,39.78,0.382,60.7,54481,0,0
101.46,12.12,34.57,0.755,51.1,67212,0,1
98.55,11.22,42.83,0.178,17.6,39061,2,1
93.68,11.56,41.45,0.433,19.2,69744,1,1
102.33,12.69,44.01,0.486,47.2,85925,2,0
107.09,12.46,35.03,0.61,27.9,10619,3,1
84.61,12.47,38.74,0.378,73.7,45164,1,0
96.06,13.17,37.85,0.378,49.4,81745,0,0
106.1,13.1,31.02,0.17,19.3,26556,0,0
80.93,12.48,17.58,0.535,77.2,23546,1,0
97.61,12.2,36.37,0.823,78.8,77940,0,1
84.0,12.39,33.55,0.357,75.6,53169,0,0
97.49,12.43,30.35,0.392,33.2,44859,0,0
81.15,12.52,30.31,0.719,52.6,105173,0,0
91.07,12.71,40.34,0.74,46.2,73637,0,0
84.87,12.6,44.24,1.002,66.4,103840,1,0
107.56,12.37,25.47,0.457,48.7,35282,0,1
82.16,12.86,45.23,0.669,17.1,66212,0,0
85.41,12.89,39.21,0.42,55.1,61895,2,0
95.3,13.02,32.8,0.375,48.5,32407,0,0
90.58,11.35,31.38,0.64,37.4,47643,1,1
86.1,13.0,24.5,0.289,55.7,67730,1,0
90.38,12.78,32.07,0.343,7.5,80290,0,0
100.08,12.29,35.52,0.549,40.9,16242,2,1
96.24,12.55,36.74,0.555,63.2,33878,1,0
92.31,12.19,34.73,0.645,21.6,8382,0,0
89.61,13.09,42.78,0.851,74.0,67906,1,0
70.52,12.6,30.37,0.45,0.0,86926,0,0
82.76,11.99,29.92,0.257,16.7,53705,0,0
77.99,12.18,29.65,0.585,44.0,85470,2,0
96.24,12.03,34.24,0.506,87.8,25813,0,0
85.97,12.58,35.09,0.53,30.6,82037,0,0
98.78,13.1,30.5,0.656,43.3,91319,1,1
104.26,11.91,33.04,0.312,43.4,5482,0,1
94.73,12.78,29.57,0.237,41.1,101485,1,0
101.42,12.59,36.09,0.607,41.2,107201,0,0
97.45,12.87,32.17,0.681,66.5,0,0,0
84.56,13.24,36.94,0.475,46.2,48603,0,0
100.02,11.63,36.44,0.388,46.7,37446,1,0
91.84,12.27,25.01,0.605,0.0,48729,0,1
89.31,12.81,33.79,0.447,67.4,46055,0,0
97.3,13.39,37.75,0.368,66.5,87670,0,0
91.34,12.65,35.2,0.468,78.8,73686,0,0
89.61,12.56,36.44,0.592,11.0,12962,2,0
102.7,12.66,31.8,0.078,55.2,75518,2,0
92.61,11.5,31.36,0.561,38.0,33781,2,1
83.45,12.45,32.43,0.871,49.7,77918,0,0
89.61,13.33,41.55,0.337,55.5,67302,0,0
91.8,12.41,31.21,0.314,46.5,65360,2,0
92.9,13.2,30.93,0.239,26.5,83743,0,0
86.65,12.11,33.16,0.406,37.6,58381,1,0
95.76,12.16,32.28,0.51,10.7,35370,0,0
90.15,12.03,29.53,0.754,86.6,89818,1,1
94.51,12.27,35.67,0.416,0.9,34758,0,0
88.15,11.5,34.83,0.572,60.4,70928,3,1
102.54,12.86,31.19,0.468,30.1,56282,0,0
91.96,11.88,41.75,0.72,31.1,85880,0,0
94.52,12.67,30.56,0.632,84.2,150371,0,1
82.17,13.82,32.38,0.715,46.9,28288,0,0
86.88,12.27,36.35,0.0,43.7,136589,0,0
88.61,10.99,29.03,0.329,61.9,58947,0,1
93.03,12.32,39.01,0.156,40.9,97599,1,0
93.25,12.51,32.98,0.607,27.3,89383,1,1
98.77,12.68,43.5,0.299,39.1,7494,1,0
88.12,11.79,41.75,0.316,34.9,106185,0,0
104.89,12.7,28.62,0.876,10.2,90224,1,1
85.77,11.84,45.37,0.531,32.4,77217,2,0
97.58,12.88,35.35,0.579,42.7,30229,0,0
86.33,12.39,33.51,0.743,50.6,69194,0,0
89.28,12.52,24.66,0.495,52.4,71797,0,0
88.95,12.13,27.7,0.228,45.2,71564,1,0
95.08,12.3,32.03,0.269,34.8,81509,0,0
83.99,13.8,21.41,0.0,34.5,65982,2,0
94.41,12.86,35.57,0.011,50.1,66518,3,0
102.06,11.72,44.2,0.533,61.7,81114,1,1
86.75,12.32,30.41,0.472,12.8,65167,1,0
102.51,12.48,34.08,0.436,52.8,81513,1,0
103.02,12.64,40.94,0.513,39.8,118126,0,0
107.97,12.52,32.43,0.354,4.9,116018,1,1
98.6,11.94,37.75,0.771,0.9,77878,1,1
84.92,12.32,32.25,0.591,34.4,82932,0,0
101.35,12.32,38.19,0.176,75.4,16434,1,0
85.9,12.26,42.41,0.935,40.3,49276,0,1
83.47,11.95,35.63,0.684,75.5,125238,1,0
86.75,12.31,39.83,0.739,57.3,3166,0,0
87.74,12.36,51.36,0.482,73.5,115161,1,0
73.76,11.97,38.86,0.648,68.4,26824,1,0
84.94,12.66,21.91,0.704,81.6,16917,0,1
96.01,12.6,35.65,0.157,42.3,98599,1,0
89.11,11.96,32.41,0.237,17.8,59403,0,0
97.57,11.93,37.55,0.625,78.3,70261,1,1
80.74,12.83,45.08,0.469,86.9,87715,3,0
84.92,12.43,30.64,0.55,40.2,64935,0,0
87.76,13.03,34.62,0.165,4.7,50327,1,0
77.7,12.68,54.16,0.718,25.1,56470,0,0
80.77,12.33,39.74,0.563,31.3,75282,1,0
82.26,12.72,41.82,0.601,68.6,104009,0,0
102.53,12.97,43.56,0.353,58.6,83288,0,0
81.35,11.98,36.97,0.763,45.0,106023,2,0
91.19,12.15,39.94,0.68,29.1,87722,0,1
72.49,12.31,30.75,0.669,50.1,0,0,0
101.47,13.22,39.09,0.856,29.9,72498,1,0
89.2,12.22,37.74,0.624,34.0,44043,0,0
91.17,12.39,38.27,0.376,25.7,41938,0,0
87.15,12.18,27.02,0.398,10.1,40176,1,0
90.75,12.29,40.4,0.205,53.8,38506,1,0
87.65,12.56,31.12,0.197,35.3,22358,1,0
81.89,12.58,37.41,0.454,39.2,87398,0,0
82.92,12.68,34.14,0.63,39.5,37410,0,0
88.32,11.75,42.51,0.756,4.3,0,0,0
113.44,11.81,33.1,0.833,35.1,93476,1,1
99.06,12.87,26.58,0.456,32.4,60889,0,0
92.45,12.4,43.31,0.553,73.6,99310,2,0
85.82,12.63,27.06,0.368,58.4,61426,0,0
88.62,12.96,34.7,0.525,37.8,34781,0,0
96.89,12.46,32.36,0.699,24.2,971,1,0
80.84,12.48,40.8,0.305,27.2,105187,0,0
95.44,12.04,34.18,0.285,31.7,55416,0,0
97.7,12.1,39.78,0.462,101.3,76742,0,0
84.83,12.19,25.08,0.218,45.3,13108,0,0
83.96,12.7,35.51,0.773,58.3,53621,0,0
95.02,11.55,40.56,0.36,67.7,65374,0,0
103.52,12.03,24.74,0.436,70.2,107644,2,1
90.1,12.16,33.94,0.226,39.5,24477,3,0
87.86,11.78,40.75,0.646,68.2,70398,0,0
85.89,12.2,39.11,0.362,50.7,82588,0,0
95.36,12.59,34.84,0.543,27.8,34845,1,0
90.16,12.65,33.61,0.304,45.2,71527,0,0
88.04,12.49,26.15,0.569,50.2,66160,0,0
83.17,12.02,39.79,0.168,32.1,42667,1,0
87.29,11.86,44.94,0.431,34.6,63411,1,0
83.35,12.51,31.22,0.139,30.8,64698,1,0
78.89,11.66,27.75,0.743,27.1,14433,1,0
100.92,12.51,31.03,0.723,61.3,105058,0,1
103.78,12.96,36.54,0.287,24.1,17069,0,0
82.47,12.76,19.53,0.3,31.4,78261,1,0
93.83,11.88,36.75,0.195,47.6,104056,3,1
83.75,12.14,29.4,0.347,10.0,41089,2,1
95.48,12.5,39.04,0.105,28.1,84155,0,0
98.83,11.45,42.0,0.297,56.3,60019,1,1
83.9,12.82,38.04,0.856,34.4,95626,1,0
100.01,12.21,40.48,0.475,47.2,62038,2,1
96.65,12.7,29.84,0.731,74.5,75323,1,0
102.31,11.63,35.86,0.887,31.2,76186,0,1
80.68,12.19,31.17,0.525,11.0,105225,1,0
103.91,12.39,36.54,0.572,76.8,64725,0,1
95.36,12.39,31.1,0.298,11.1,74434,0,0
96.08,12.94,28.79,0.412,37.1,75175,0,0
95.36,12.1,28.83,0.497,26.7,51794,2,1
90.9,12.16,25.87,0.544,65.3,97877,3,1
93.61,11.85,46.11,0.748,64.2,77899,0,0
102.0,12.73,36.55,0.293,62.4,68960,1,0
83.02,12.36,34.36,0.24,79.7,46841,0,0
103.78,12.01,33.89,0.181,66.0,72783,1,1
106.53,12.34,31.5,0.355,65.6,77644,1,1
96.37,12.7,35.64,0.467,54.5,71985,0,0
78.28,12.7,34.34,0.887,9.3,65087,1,0
95.86,12.54,38.18,0.442,0.0,62426,1,0
81.4,12.66,37.38,0.895,28.9,95565,1,0
95.99,12.84,31.85,0.893,45.4,23008,0,1
87.58,12.44,35.64,0.472,64.6,45542,0,0
91.05,12.27,42.43,0.324,65.5,51328,2,0
88.79,12.74,42.13,0.711,18.3,92649,0,0
87.53,12.23,30.2,0.826,55.7,94181,0,0
95.62,12.42,40.18,0.665,48.1,84035,1,0
107.83,13.04,28.69,0.105,72.1,46907,0,0
94.62,12.19,27.86,0.054,0.0,28374,2,0
91.81,12.96,42.88,0.361,59.2,48734,0,0
92.88,11.96,36.24,0.583,48.3,30954,0,0
98.03,12.29,28.5,0.606,69.7,42133,1,1
100.47,13.07,36.7,0.852,72.0,35177,1,0
86.52,12.24,22.95,0.678,62.0,94526,2,1
90.72,13.17,41.48,0.316,0.0,53134,0,0
99.77,11.68,36.65,0.196,94.6,61547,1,0
74.94,11.92,29.26,0.793,22.0,84809,1,0
72.11,12.13,40.82,0.634,48.0,16892,1,0
88.11,12.62,30.74,0.0,32.1,39290,2,0
91.6,12.13,38.35,0.874,25.7,40826,2,1
88.49,12.98,38.31,0.264,50.5,59784,2,0
95.87,12.47,38.13,0.153,15.9,71680,1,0
76.02,11.86,38.23,0.532,32.2,32130,1,0
90.73,12.15,35.9,0.571,32.5,109880,0,0
79.59,11.9,40.52,0.682,49.3,39823,1,0
100.56,11.09,32.69,0.301,70.9,54060,2,1
95.64,11.58,30.48,0.375,53.0,71389,0,1
83.88,12.22,36.54,0.468,76.4,94180,0,0
101.2,12.46,38.77,0.506,69.6,83149,1,0
96.86,11.59,33.56,0.341,29.5,31896,1,1
90.3,12.31,38.01,0.766,71.7,47052,1,0
97.86,12.41,40.45,0.707,60.6,76084,1,0
94.63,13.24,32.4,0.331,57.4,110229,0,0
87.08,12.45,34.14,0.435,34.9,40593,0,0
96.58,11.61,44.49,0.61,56.1,51513,1,0
104.67,13.11,33.56,0.17,38.9,77738,0,0
93.29,11.96,43.01,0.736,58.3,38763,1,1
75.26,12.5,43.44,0.953,26.0,68286,2,0
77.28,11.4,35.93,0.625,42.5,50164,2,1
87.26,12.48,28.06,0.934,16.9,27897,0,0
102.22,13.56,36.56,0.416,59.4,32789,2,0
95.36,12.05,33.77,0.095,45.4,86707,0,0
88.19,12.25,34.46,0.489,50.7,58934,0,0
101.63,12.53,24.36,0.558,54.5,30322,1,1
104.94,12.46,38.04,0.459,36.8,101550,1,1
87.79,13.13,41.24,0.177,66.8,65049,1,0
80.29,12.89,30.4,0.703,18.5,15742,2,0
90.97,12.51,30.75,0.589,68.6,47535,1,0
106.41,12.9,34.82,0.416,73.2,44856,1,0
84.62,12.92,32.53,0.616,38.1,55965,0,0
97.87,12.36,40.18,0.687,69.4,45254,1,0
91.82,12.04,32.15,0.658,38.2,38115,1,1
82.25,12.45,41.77,0.774,34.3,26678,0,0
97.95,11.25,40.15,0.0,83.7,85360,0,0
97.29,12.15,37.78,0.468,40.0,105750,1,1
80.86,12.31,30.75,1.137,34.7,55890,0,1
87.92,12.07,46.22,0.695,50.4,132371,0,0
85.65,13.0,31.29,0.798,32.4,5560,0,0
101.54,13.05,37.2,0.671,0.0,67879,1,0
86.67,12.84,41.84,0.991,41.1,36118,2,0
87.84,11.71,37.52,0.651,61.9,66693,1,1
96.12,12.99,40.11,0.547,34.3,84088,0,0
86.27,13.47,29.17,0.666,58.5,86286,0,0
90.43,11.04,30.41,0.841,28.7,64050,3,1
87.96,12.27,23.01,0.283,16.4,76316,0,0
98.48,12.89,32.83,0.737,56.7,32568,1,0
85.32,11.89,37.45,1.077,44.3,66308,0,0
90.38,12.21,31.07,0.488,33.7,97243,3,0
89.09,12.62,38.5,0.309,33.6,77598,0,0
94.41,12.25,34.1,0.232,81.1,57482,0,1
100.26,12.3,37.62,0.417,37.8,53371,1,1
107.82,11.31,48.93,0.756,45.3,47098,0,1
83.24,12.73,32.51,0.094,53.4,74590,0,0
106.44,12.65,37.59,0.317,24.2,47817,1,0
90.41,13.65,38.43,0.256,21.0,7843,0,0
89.72,12.05,38.54,0.637,52.4,59603,0,0
77.24,12.0,30.27,0.295,41.5,45778,0,0
94.69,12.15,39.91,0.579,52.8,48793,1,1
76.57,12.93,31.93,0.663,0.0,46975,0,0
93.45,12.6,35.12,0.187,71.1,19641,0,0
87.18,11.7,41.51,0.687,46.4,55669,0,0
84.74,12.44,37.36,0.438,53.0,77507,1,0
80.58,11.78,27.7,0.451,13.1,44087,1,0
105.12,12.83,41.08,0.368,37.8,86366,1,0
80.89,11.91,29.84,0.829,81.1,69897,1,1
95.59,12.68,37.24,0.594,72.0,81790,1,0
94.08,11.57,37.76,0.532,51.4,25297,1,1
91.94,12.59,30.02,0.136,54.1,0,1,0
94.97,12.83,44.77,0.761,90.5,33865,0,0
79.08,12.4,35.4,0.824,66.3,82987,1,0
94.34,12.78,41.07,0.32,54.0,57740,1,0
89.99,11.94,29.53,0.357,57.2,55028,0,0
93.28,12.75,48.16,0.97,51.9,70167,2,1
89.13,11.79,40.18,0.556,57.2,76286,0,0
100.57,12.32,30.31,0.431,53.0,44693,2,1
80.08,12.51,44.41,1.324,35.6,60741,0,0
95.83,12.54,28.49,0.695,81.6,100761,1,1
99.19,12.33,19.83,0.071,72.4,99908,0,0
89.6,11.76,33.48,0.937,32.5,36168,0,1
84.4,12.73,33.15,0.92,56.8,74310,0,0
94.43,12.57,37.13,0.531,21.6,0,0,0
98.4,12.97,36.97,0.557,45.3,8753,1,0
87.13,11.91,34.6,0.729,61.0,30876,1,0
75.91,12.87,31.12,0.645,29.2,83338,2,0
96.35,12.07,33.1,0.22,66.1,95590,0,0
86.67,11.75,31.91,0.201,6.2,68879,0,0
70.74,12.44,30.85,0.344,62.4,56330,1,0
95.85,12.0,34.93,0.442,59.2,42706,1,1
87.35,12.76,32.6,0.34,29.0,27764,1,0
89.54,12.83,40.29,0.527,6.3,74554,0,0
90.71,13.17,20.11,0.117,30.7,80736,0,0
101.7,12.84,31.35,0.753,46.7,32794,0,0
83.37,12.63,41.06,0.14,58.3,28665,0,0
100.11,12.39,36.49,0.907,77.3,91594,1,1
105.11,12.77,30.93,0.527,53.2,18218,0,1
82.9,12.65,36.88,0.741,29.5,36695,1,0
104.39,12.49,40.12,0.251,56.8,134688,0,0
101.11,12.16,27.27,0.218,21.4,75681,0,0
89.02,12.61,40.34,0.808,38.4,90489,0,0
96.96,12.53,25.47,0.744,35.6,41659,0,0
95.95,12.61,35.31,0.968,20.0,68581,0,1
96.59,12.47,38.04,0.646,54.7,18478,1,1
100.99,12.27,46.8,0.562,68.4,80482,2,0
85.66,12.66,33.57,0.409,75.1,43166,1,0
90.19,11.24,23.83,0.435,89.0,38395,0,1
92.31,12.65,36.87,0.291,27.8,44926,0,0
88.05,12.53,42.2,1.09,30.8,68530,0,0
78.24,13.26,32.44,0.74,23.9,0,2,0
83.73,13.0,35.54,0.454,71.7,51523,1,0
103.42,12.12,36.07,0.32,28.7,51605,1,1
93.56,12.16,42.94,0.134,11.5,102429,1,0
91.88,12.62,36.94,0.336,55.4,121121,2,0
101.92,11.81,33.69,0.536,69.9,18445,2,1
78.89,12.9,32.5,0.0,60.9,9404,0,0
85.51,12.94,38.81,0.123,40.5,62045,2,0
82.32,11.75,38.98,0.691,33.0,41215,1,0
70.96,12.26,39.94,0.129,62.4,22565,1,0
79.08,12.51,34.39,0.88,61.6,12352,1,0
98.79,13.33,46.72,0.323,52.8,132040,2,0
79.8,11.62,38.94,0.473,41.3,42608,0,0
91.78,12.62,25.18,0.947,68.6,92118,1,1
80.53,12.61,41.98,0.768,59.5,115582,1,0
87.78,12.41,40.03,0.234,61.3,59263,0,0
88.23,12.55,33.83,0.689,12.8,15907,0,0
90.89,12.42,38.55,0.664,34.3,17182,0,0
91.46,12.02,36.72,0.549,37.7,79041,3,0
111.41,11.91,26.87,0.26,59.7,66473,0,1
85.92,12.7,42.53,0.436,31.4,48714,1,0
95.06,12.22,31.97,0.78,51.3,71629,1,1
102.51,11.72,34.81,0.0,36.6,120099,0,0
91.4,12.83,39.08,0.364,79.0,58260,2,0
84.14,11.65,38.22,0.547,45.7,68043,0,1
67.91,13.04,36.55,0.468,25.5,96970,0,0
101.1,11.57,36.9,0.578,53.5,46046,1,1
89.6,13.44,28.18,0.33,69.1,53499,0,0
104.12,12.8,29.44,0.032,74.8,67368,0,0
75.42,11.74,36.8,0.377,77.9,87569,0,0
102.32,12.21,50.86,0.524,17.7,0,0,0
90.02,11.15,31.25,0.427,72.4,72977,0,1
109.79,12.93,30.55,0.671,67.6,129883,1,1
94.86,12.16,35.91,0.299,45.5,16294,1,0
78.79,12.77,31.64,0.853,65.1,92610,1,0
75.38,12.47,27.36,0.547,15.2,83435,1,0
84.28,12.61,40.31,0.557,31.1,64856,0,0
80.73,12.42,30.09,0.468,4.7,85088,0,0
104.0,13.18,38.97,0.245,43.2,69001,1,0
98.56,12.73,42.31,0.706,31.1,50434,0,0
88.07,12.39,33.01,0.366,53.3,87296,2,0
88.86,13.04,26.42,0.604,33.8,43475,2,0
93.97,12.7,34.85,0.16,51.6,49729,0,0
95.65,12.61,25.89,0.555,80.3,2769,0,0
76.11,11.48,29.24,0.787,37.7,32016,0,0
95.88,12.42,50.85,0.566,53.7,44080,0,0
81.68,12.68,35.97,0.342,38.0,91776,0,0
94.31,12.65,30.46,0.0,6.0,70596,0,0
78.26,12.0,35.72,0.51,23.4,25357,2,0
91.13,11.73,30.31,0.431,22.0,62716,0,0
85.61,11.57,25.53,0.53,24.4,54442,0,1
98.5,12.08,28.09,0.549,62.1,49641,0,1
90.76,12.72,32.58,0.651,53.3,124507,0,0
98.42,11.79,38.4,0.653,32.8,0,1,0
90.62,11.51,38.56,0.041,33.3,43062,0,0
95.68,12.64,32.82,0.429,0.0,108156,0,0
93.46,12.43,39.13,0.34,65.4,107256,1,0
99.82,12.61,32.75,0.415,47.5,82860,0,1
107.7,12.7,34.62,0.642,36.2,26414,0,0
99.69,12.16,23.9,0.628,52.3,69111,0,1
106.1,12.1,37.73,0.531,17.3,15770,1,1
89.74,12.92,25.26,0.485,68.4,85294,0,0
97.0,11.96,26.13,0.716,46.1,114577,0,1
98.64,12.65,35.17,0.264,39.2,45192,1,0
93.97,13.29,29.73,0.633,7.2,75038,1,0
96.41,12.45,45.85,0.528,52.9,55621,0,1
93.46,12.55,35.51,0.133,17.8,9744,2,0
89.32,11.68,30.01,0.474,20.3,86187,0,0
91.2,11.31,39.86,0.51,0.7,48272,0,0
94.79,13.0,37.08,0.147,31.4,652,1,0
94.2,12.8,40.27,0.552,39.9,11356,3,1
91.25,12.62,28.1,0.403,45.5,42300,2,0
87.03,12.2,36.46,0.102,54.6,58811,1,0
86.77,12.07,43.32,0.607,56.9,77815,0,0
106.39,12.3,42.73,0.478,67.1,34012,0,0
88.14,12.73,37.06,0.113,30.2,18038,0,0
87.03,12.98,37.51,0.288,70.7,87322,1,0
107.49,12.8,28.55,0.54,28.3,86843,0,1
87.06,12.64,28.7,0.502,2.0,85507,1,0
94.0,12.15,41.6,0.782,66.5,94024,1,0
94.11,12.95,34.68,0.0,11.4,114072,0,0
99.56,12.85,38.35,0.536,2.6,126556,0,1
93.13,12.13,33.4,0.458,78.0,21208,1,1
87.92,12.42,27.95,0.911,22.3,79376,0,0
93.78,11.84,33.47,0.165,46.8,24534,0,0
76.76,12.72,30.1,0.899,34.5,33538,1,0
72.51,12.08,42.55,0.24,20.6,12265,0,0
95.59,11.65,32.14,0.452,32.8,52853,0,0
101.83,12.61,37.53,0.764,53.1,50832,1,1
105.96,12.5,35.28,0.891,61.5,38906,1,1
90.02,12.49,35.84,0.459,25.9,71973,1,0
91.82,12.65,37.95,0.589,54.5,78125,1,0
87.93,12.57,31.0,0.354,51.8,61769,0,0
85.95,12.63,27.02,0.83,54.8,73906,1,0
78.65,12.44,32.77,0.582,65.8,72472,0,0
87.12,12.6,38.59,0.37,74.2,49766,1,0
93.5,11.98,32.91,0.558,36.1,44754,1,1
105.9,12.32,28.87,0.439,63.6,42637,2,1
95.16,12.04,35.19,0.499,66.0,46034,0,0
86.57,12.72,29.63,0.255,38.9,59406,0,0
89.49,12.88,37.36,0.596,29.8,51560,0,0
98.75,12.28,32.73,0.292,42.6,110020,0,0
99.27,12.35,27.14,0.585,75.5,64583,0,1
74.97,12.56,32.11,0.272,69.7,31399,1,0
94.69,11.7,36.33,0.529,59.7,21052,0,0
97.76,11.53,32.65,0.622,48.5,13933,2,1
99.99,12.19,35.21,0.549,36.2,126370,0,1
86.86,12.12,34.12,0.321,26.0,61108,0,0
90.54,12.07,38.7,0.937,12.9,96808,0,0
80.87,12.17,26.68,0.348,38.3,55610,1,0
91.37,13.05,36.01,0.801,47.6,40819,0,0
88.54,11.82,34.86,0.82,0.0,80189,0,0
109.91,12.78,17.16,0.835,40.5,104782,0,1
92.94,11.36,35.77,0.699,25.9,75764,1,1
101.07,12.72,44.69,0.565,65.8,55678,1,0
95.53,12.77,33.1,0.42,8.9,66842,0,0
88.93,12.73,38.45,0.616,41.4,68447,0,0
104.97,12.1,27.55,0.21,26.4,32037,1,1
98.78,12.49,36.27,0.425,76.2,108325,0,0
89.93,12.27,31.62,0.213,39.5,88242,2,1
93.15,13.07,34.53,0.469,18.4,95600,2,0
81.94,13.4,36.36,0.231,38.8,77296,2,0
104.87,12.76,37.72,0.806,35.0,42457,0,1
86.39,12.53,35.62,0.416,36.9,89719,2,0
85.76,13.36,35.54,0.361,38.4,85645,0,0
81.69,12.01,41.68,0.605,65.2,8948,0,0
97.37,13.44,36.21,0.277,29.8,19801,2,0
86.87,12.97,43.08,0.42,34.6,68728,0,0
97.43,12.49,39.26,0.504,48.5,101634,1,1
98.86,12.27,34.75,0.331,69.3,143275,0,1
95.89,12.45,34.01,0.659,15.8,33800,1,0
93.59,12.69,42.18,0.237,31.4,92234,1,0
101.69,11.48,43.95,0.549,19.5,96399,2,1
89.99,12.75,38.22,0.158,96.3,30208,3,0
94.12,12.27,43.39,0.947,48.6,41202,0,1
74.19,11.6,35.06,0.577,35.3,47060,0,0
90.76,12.55,38.44,0.013,76.3,0,1,0
99.87,12.68,33.86,0.422,11.7,57292,0,0
83.06,12.4,32.47,0.718,34.2,15285,0,0
77.35,13.06,33.58,0.466,47.6,79840,1,0
86.22,13.38,22.34,0.246,27.2,86978,1,0
85.0,12.56,29.2,0.359,29.7,38195,0,0
94.35,11.99,32.21,0.606,47.9,102972,0,1
97.27,11.9,28.47,0.155,53.2,53923,1,1
93.63,12.71,32.57,0.687,57.1,18298,0,1
120.71,12.38,35.15,0.09,47.2,57945,0,1
93.68,11.9,28.44,0.684,32.3,31920,0,1
96.76,12.81,36.44,0.911,21.2,65778,1,0
90.47,11.85,36.35,0.291,58.1,107570,0,0
82.27,12.6,29.44,0.732,78.2,111888,2,0
95.68,12.01,27.02,0.685,16.5,89724,0,1
105.89,12.53,38.06,0.432,62.1,52123,0,0
79.48,11.77,39.02,0.479,25.9,83533,1,0
84.05,12.17,37.09,0.432,65.1,83200,2,0
86.87,12.42,48.96,0.771,41.9,81362,0,0
101.05,12.61,40.61,0.937,35.1,69315,1,1
89.01,12.43,46.55,0.361,54.3,74834,0,0
81.25,12.51,42.41,0.376,14.6,59291,0,0
93.82,12.54,26.22,0.769,1.7,49343,1,0
80.39,12.02,32.08,1.001,15.1,72625,0,0
80.95,11.81,37.06,0.669,71.3,31324,1,0
96.21,12.99,23.64,0.874,47.6,120534,0,1
87.36,13.48,31.92,0.121,49.8,94253,2,0
95.19,12.39,43.08,0.762,34.9,89174,0,1
88.97,12.45,31.59,0.109,20.7,93733,1,0
95.94,12.42,39.63,0.389,44.8,25452,2,0
92.95,13.62,42.07,0.857,51.7,44605,1,0
89.29,12.99,33.13,0.564,47.6,15038,1,0
92.44,12.53,33.1,0.345,32.5,6072,1,0
88.43,11.36,31.02,0.636,46.8,60938,1,0
98.99,12.19,35.19,0.609,0.0,102694,0,1
89.25,12.09,42.91,0.199,50.9,44086,1,0
97.55,12.68,31.4,0.438,51.7,96123,1,0
93.7,12.86,37.81,0.725,37.0,87245,0,0
96.61,11.74,33.48,0.568,48.3,84921,1,0
99.96,12.77,46.68,0.471,68.9,126787,1,0
88.01,11.69,44.09,0.434,31.0,97075,1,0
97.47,11.94,30.81,0.795,28.1,45002,0,1
71.64,11.62,35.91,0.844,58.7,44424,0,0
89.95,12.28,31.45,0.649,52.8,76536,3,1
76.23,11.7,34.64,0.277,39.9,102422,1,0
103.45,12.3,34.69,0.553,55.3,37926,1,1
101.85,11.99,35.1,0.881,39.8,19690,0,1
91.18,12.42,36.56,0.431,55.0,99805,1,0
100.99,12.77,41.79,0.0,45.7,72058,0,0
90.94,12.03,37.02,0.669,40.2,91913,0,0
92.64,12.2,40.96,0.457,55.7,88148,0,0
92.96,11.48,35.32,0.452,16.2,99905,1,0
88.19,12.24,34.32,0.309,23.6,67467,0,0
95.9,12.52,31.59,0.528,46.2,64479,0,0
73.79,12.46,49.82,0.257,28.8,84886,0,0
90.11,12.48,40.21,0.383,33.0,52100,0,0
102.94,11.98,28.06,0.483,33.4,17091,0,0
91.46,12.03,45.73,0.599,24.6,26963,0,0
91.37,12.95,33.07,0.326,5.6,15774,1,0
93.51,11.69,40.24,0.374,8.1,26753,0,0
78.68,12.84,34.91,0.712,73.7,51131,0,0
78.1,12.94,34.64,0.393,22.3,20779,0,0
91.85,11.25,30.87,0.628,81.7,55502,1,1
88.77,11.82,29.49,0.165,54.3,85528,0,0
100.08,13.51,24.51,0.64,47.7,69616,1,1
90.99,13.48,27.92,0.69,16.4,17436,1,0
87.37,12.68,30.64,0.778,15.4,66207,1,0
92.01,12.34,19.55,0.133,64.9,80845,2,1
105.5,12.33,41.19,0.383,34.0,87147,0,1
106.74,12.4,43.27,0.366,40.0,67124,0,1
99.15,12.73,31.92,0.119,53.3,49383,0,0
89.72,13.16,37.29,0.28,23.4,30214,0,0
100.9,13.75,45.59,0.379,63.8,62957,2,0
88.04,12.88,30.25,0.343,38.7,51967,1,0
113.36,11.78,43.12,0.076,43.4,35095,1,1
81.66,12.32,39.42,0.268,69.8,98546,0,0
76.45,12.09,38.21,0.737,67.0,89388,1,0
92.24,11.67,40.42,0.642,42.5,42678,2,0
92.58,12.05,34.67,0.784,53.2,50768,1,1
91.46,12.18,30.65,0.027,76.0,38737,0,0
82.89,12.95,34.48,0.256,28.9,29980,2,0
92.66,12.64,37.21,0.557,42.2,0,0,0
81.43,13.12,42.54,0.407,52.1,60113,0,0
98.97,12.34,29.01,0.783,52.0,25209,0,1
84.13,12.78,31.75,0.534,80.7,39925,0,0
88.39,12.23,29.53,0.113,37.1,21207,0,1
111.38,13.59,33.15,0.225,56.1,29130,0,0
99.15,12.35,36.94,0.348,41.0,5613,0,0
95.33,12.16,29.03,0.52,74.2,55689,2,0
85.07,12.27,27.0,0.0,46.0,30154,0,0
90.26,12.09,38.72,0.304,67.7,96727,0,0
99.38,11.76,31.54,0.539,65.0,95213,0,1
94.64,13.21,34.93,0.466,41.1,21165,0,0
103.76,13.38,24.67,0.712,53.0,53953,1,1
113.21,12.85,30.27,0.229,72.6,52034,0,1
92.53,12.98,29.33,0.0,33.9,36156,0,0
84.46,11.67,40.75,0.228,40.4,103113,0,0
100.05,12.69,31.5,0.24,70.8,65642,0,0
91.59,11.51,37.9,0.761,31.9,34772,0,1
108.14,12.83,36.08,0.347,46.5,54469,0,0
95.53,11.86,27.1,0.461,37.0,8362,2,1
108.68,12.17,38.42,0.806,55.8,94523,1,1
95.75,12.65,39.08,0.773,48.2,53564,2,0
85.43,12.87,22.2,0.78,61.9,60013,2,0
94.4,11.68,27.6,0.611,36.8,25663,1,1
86.67,12.32,44.03,0.77,46.0,79301,0,0
102.48,12.22,36.2,0.73,64.3,90245,1,1
79.25,13.13,32.98,0.561,44.4,91567,0,0
103.74,12.75,44.27,0.489,51.8,87084,0,0
85.4,12.08,45.69,1.142,40.8,62784,0,0
94.74,12.57,32.89,0.472,32.9,38033,0,0
95.89,12.14,40.83,0.515,64.1,54294,2,1
97.81,13.12,31.13,0.935,20.5,62399,0,0
81.63,12.18,37.92,0.407,63.8,50169,0,0
101.66,12.28,25.32,0.227,34.7,62270,2,1
94.33,12.62,27.92,0.781,75.4,75728,2,1
92.06,13.08,33.98,0.347,80.7,55365,0,0
74.86,12.92,43.09,0.189,31.6,115738,1,0
90.66,12.6,43.52,0.694,56.3,53880,2,0
83.21,12.21,45.81,0.046,23.8,76440,0,0
63.97,12.23,42.08,0.25,22.1,83237,2,0
89.22,11.64,34.99,0.313,41.6,0,1,0
81.2,12.28,22.89,0.096,26.1,4830,0,0
105.63,12.83,20.24,0.447,27.7,73668,0,1
97.2,12.21,25.08,0.396,57.4,77067,0,1
91.22,11.75,36.04,0.709,71.2,42432,1,1
81.2,12.56,29.39,0.517,31.6,42225,0,0
95.96,12.2,33.31,0.592,36.6,60630,0,0
98.59,12.81,39.9,0.803,48.0,89754,0,1
98.04,13.23,40.0,0.67,51.3,44910,0,0
81.75,13.18,36.24,0.654,64.4,67520,0,0
94.85,12.68,26.2,0.548,42.9,91212,0,0
90.42,11.97,36.12,0.0,0.0,59205,1,0
94.95,12.55,38.46,0.519,10.8,59999,1,1
80.02,13.55,34.49,0.234,39.3,93549,1,0
97.5,12.89,35.03,0.927,87.2,0,1,1
95.99,13.14,38.43,0.139,32.4,59721,2,0
88.17,12.13,36.13,0.552,90.9,55838,0,0
94.18,12.49,30.71,0.618,35.3,43826,0,1
80.53,12.36,33.41,0.687,41.5,87384,0,0
94.21,12.44,44.39,0.633,50.3,92945,1,0
99.75,13.52,31.65,0.661,47.7,62845,0,0
85.57,13.12,28.29,0.832,26.0,54784,0,0
79.53,13.1,41.74,0.801,64.3,87359,2,0
96.57,13.13,37.11,0.455,27.5,52068,0,0
95.8,13.16,38.77,0.544,30.5,52859,2,0
110.12,11.65,40.17,0.333,36.0,0,1,1
100.6,12.15,43.04,0.546,41.5,45112,2,1
95.39,11.66,34.65,0.249,28.9,4403,1,0
92.04,11.91,36.11,0.251,43.3,78961,1,0
86.6,11.43,36.67,0.233,38.6,24672,0,0
89.37,11.79,35.87,0.567,45.4,68448,2,1
97.7,12.22,37.17,0.153,45.2,115865,0,0
85.73,12.96,33.3,0.576,38.0,23599,0,0
86.58,12.11,45.33,0.662,51.3,41128,1,0
101.78,12.29,45.32,0.442,46.8,46027,0,0
82.82,11.57,29.95,0.264,50.8,40658,0,0
96.75,11.62,37.43,0.651,42.2,31547,1,1
94.13,12.69,37.52,0.377,12.7,62888,0,0
94.6,12.67,28.54,0.711,52.0,64903,1,1
95.61,12.36,25.47,0.433,54.7,21883,0,0
98.29,11.65,33.9,0.441,45.1,72534,1,1
112.76,12.51,37.74,0.469,43.4,32835,0,1
81.79,12.48,31.64,0.551,39.3,75138,2,0
89.15,12.22,36.27,0.396,38.1,94375,1,0
93.5,12.34,31.96,0.562,37.0,42216,1,0
103.12,11.78,37.78,0.599,52.1,68867,1,1
89.0,12.23,46.95,0.24,66.6,35074,1,0
82.22,11.96,40.22,0.8,33.3,112460,0,0
102.18,12.03,44.99,0.313,43.1,48393,3,1
98.95,12.99,32.45,0.725,38.7,8207,0,0
74.11,11.8,34.54,0.607,57.7,59375,0,0
81.08,12.75,25.86,0.729,27.0,106745,0,0
83.82,12.69,27.77,0.435,53.5,33363,0,0
81.14,12.04,34.9,0.11,45.1,62263,1,0
73.22,11.95,36.85,0.458,22.3,107312,2,0
90.76,12.67,44.69,0.0,57.7,48372,1,0
105.26,13.37,33.33,0.267,96.1,72796,0,0
90.37,12.23,41.33,0.069,63.7,65392,1,0
78.7,12.01,37.24,0.628,43.7,10223,0,0
85.84,12.64,36.81,0.122,42.3,77001,1,0
92.07,11.81,46.32,0.532,27.6,4554,0,0
100.25,12.11,33.41,0.246,74.7,127239,1,1
95.9,12.64,31.91,0.38,58.4,105417,0,0
95.65,11.89,31.68,0.83,50.6,44074,1,1
93.3,12.63,42.2,0.66,47.7,54122,0,0
101.89,12.67,35.21,0.285,18.0,46345,1,0
102.21,12.31,25.24,0.328,61.7,67381,1,1
87.95,12.72,31.83,0.598,45.4,11750,2,0
98.7,12.69,34.85,0.385,49.0,43989,0,0
78.61,11.9,34.14,0.639,4.5,74340,2,0
102.86,11.8,29.19,0.147,72.3,125492,0,1
81.28,11.46,29.28,0.868,35.0,84036,1,1
102.67,11.85,31.88,0.611,38.9,52426,1,1
77.54,12.41,42.58,0.895,0.0,36927,1,0
97.76,12.64,38.26,0.44,41.4,87999,1,0
92.85,12.02,30.45,0.532,65.7,29571,1,1
89.93,12.34,38.84,0.304,72.8,7614,1,0
103.07,11.38,28.63,0.77,29.4,59125,2,1
83.65,11.91,34.75,0.313,46.1,56584,1,0
96.4,12.82,40.33,0.61,36.4,63121,0,0
99.24,12.07,43.35,0.708,84.3,26369,1,0
88.68,12.78,41.92,0.494,38.3,27403,0,0
97.03,12.87,31.65,0.331,71.6,67952,0,0
86.53,12.81,33.03,0.514,78.4,5360,0,0
89.8,12.24,40.54,0.607,35.6,105181,1,0
89.0,12.06,36.28,0.404,59.9,44095,1,0
87.13,12.82,25.94,0.559,61.4,99233,0,0
91.13,12.45,36.67,0.17,71.2,80921,0,0
110.85,12.3,34.56,0.092,40.4,75660,0,1
94.59,12.22,41.02,0.452,43.3,59666,0,0
98.15,12.79,37.67,0.478,55.9,141790,0,0
95.92,12.82,26.44,1.003,70.8,53051,2,1
108.96,12.51,22.93,0.493,35.9,18776,0,1
86.01,12.9,24.9,0.438,54.4,72194,0,0
83.72,12.05,26.48,0.827,36.9,30187,0,1
106.06,11.95,45.86,0.487,68.0,86372,0,0
78.65,12.42,37.47,0.449,20.2,73617,1,0
87.01,12.57,29.36,0.569,52.6,91826,2,1
99.08,12.13,39.01,0.148,44.9,56298,0,0
88.55,13.41,33.96,0.975,50.8,30189,1,0
90.78,12.45,38.32,0.699,60.1,9248,0,0
116.32,12.0,35.83,1.173,55.1,100372,1,1
88.29,12.28,24.18,0.0,65.0,117650,0,0
103.66,12.93,26.53,0.491,53.2,3601,0,0
73.57,12.0,35.76,0.606,19.0,76184,0,0
87.26,11.31,40.18,0.617,44.5,44149,0,1
88.28,12.69,39.04,0.374,30.4,55033,1,0
93.5,11.67,32.81,1.077,25.1,29283,0,1
81.58,12.57,38.82,0.627,52.0,51860,0,0
96.2,11.98,33.74,0.503,90.3,93846,2,1
87.08,12.71,44.15,0.252,46.2,63873,1,0
90.41,12.32,53.89,0.38,17.5,64177,0,0
91.05,11.26,35.52,0.557,68.7,65181,2,1
96.2,12.63,33.02,0.656,38.4,0,0,0
99.09,12.27,30.25,0.434,44.3,24907,0,0
93.73,12.69,30.17,0.018,41.1,89398,0,0
86.63,13.22,41.65,0.417,60.6,38853,0,0
84.16,11.92,27.99,0.639,25.1,90219,1,1
101.36,12.53,30.73,0.392,58.3,21734,1,0
96.95,12.46,30.32,0.897,40.1,69081,0,0
92.75,12.15,34.63,0.534,34.4,89534,1,0
84.69,12.21,29.11,0.317,57.9,74591,0,0
94.01,12.25,39.91,0.337,45.7,33783,0,0
95.06,11.84,41.26,0.484,53.7,72923,0,1
86.19,12.21,27.68,0.114,88.9,55003,0,0
78.06,13.01,36.48,0.465,40.3,51015,2,0
90.93,12.0,35.14,0.247,28.7,50968,0,0
89.09,11.88,44.11,0.0,59.0,80060,0,0
93.1,12.42,39.18,0.635,36.8,30343,1,0
98.27,12.12,49.85,0.067,81.8,35712,0,0
106.89,13.18,39.78,0.602,17.2,24285,0,0
97.76,12.82,43.37,0.855,45.8,0,2,0
88.14,12.48,27.24,0.443,16.0,0,0,0
92.95,12.79,34.29,0.6,7.1,38099,0,0
92.88,12.59,37.08,0.484,58.9,61725,1,0
96.33,12.61,28.81,0.335,66.3,20608,0,0
97.38,12.89,38.62,0.41,9.4,121602,1,0
92.97,12.08,34.37,0.647,30.8,116717,0,0
101.42,11.82,35.75,1.029,46.9,66667,0,1
90.21,13.54,40.51,0.634,58.8,88747,0,0
91.49,12.62,29.21,0.174,30.2,71701,0,0
82.83,12.29,26.71,0.653,14.4,0,1,0
98.14,12.49,37.54,0.546,49.1,101290,0,0
102.47,12.88,38.45,0.364,54.6,110632,0,0
81.29,11.94,40.89,0.665,38.0,27495,0,0
92.5,12.83,38.5,0.568,53.9,50235,2,0
89.48,12.67,34.79,0.6,28.1,6961,1,0
83.97,12.11,35.05,0.62,55.9,24755,2,0
87.22,12.35,36.61,0.588,34.0,106120,0,0
98.16,12.38,29.31,0.52,63.6,62380,0,0
94.42,11.43,41.6,0.306,68.1,89703,0,0
107.62,12.27,33.21,0.384,30.0,60305,0,0
83.61,13.04,40.16,1.084,11.6,426,2,0
99.04,12.08,42.09,0.421,42.1,105020,1,0
69.81,13.19,34.37,0.567,26.8,56538,0,0
71.83,12.77,36.3,0.301,68.1,53276,0,0
104.24,13.46,28.68,0.241,39.5,83348,1,0
98.31,12.5,33.35,0.454,37.7,89887,0,0
91.93,12.86,32.54,0.984,27.6,15748,1,0
88.56,14.04,37.61,0.813,57.3,70241,0,0
96.31,11.74,21.15,0.805,57.7,73500,0,1
80.9,12.11,31.53,0.795,39.6,41717,1,0
90.93,12.6,27.29,0.357,26.4,51725,1,0
97.57,12.81,29.57,1.039,39.8,27203,0,1
90.4,12.46,20.94,0.273,15.5,84014,0,0
92.44,13.0,40.24,0.724,29.7,49988,1,0
91.28,12.43,39.32,0.023,38.5,62480,2,0
87.76,12.04,39.07,0.619,27.2,63126,2,1
86.0,11.67,38.84,0.555,65.3,98770,0,0
84.96,11.53,33.37,0.705,47.3,59767,0,1
92.05,12.4,32.58,0.423,56.1,71595,0,0
89.46,12.46,39.41,0.676,81.8,53968,1,0
97.27,11.72,40.27,0.232,19.1,77591,1,1
89.31,12.14,34.6,0.186,28.6,63705,0,0
80.14,12.43,27.81,0.744,61.2,79457,0,0
82.06,12.57,40.08,0.515,19.1,9833,0,0
109.12,11.69,25.58,0.58,35.5,143682,0,1
84.59,12.39,33.38,0.261,72.0,76837,0,0
85.25,13.07,36.11,0.303,46.3,34593,0,0
87.24,12.02,26.34,0.565,4.3,28406,1,0
96.87,12.72,40.33,0.436,30.0,39470,2,0
93.95,12.59,45.99,0.861,11.6,67482,2,0
91.36,12.03,38.0,0.409,71.2,28496,0,0
88.99,12.24,36.33,0.42,47.3,19168,2,0
86.64,13.1,22.07,1.021,33.1,51045,0,1
90.79,12.73,40.77,0.89,49.7,41710,0,0
89.36,12.11,39.67,0.008,32.0,83724,0,0
97.12,13.14,42.29,0.31,7.2,61362,0,0
85.35,12.96,31.95,0.451,64.3,72976,0,0
104.32,12.81,34.1,0.62,48.3,100391,0,1
108.84,11.99,34.92,0.89,81.9,85164,1,1
78.05,11.95,41.43,0.378,39.5,66062,0,0
74.43,12.6,34.88,0.561,36.8,79847,0,0
98.45,12.88,33.62,0.0,23.7,7335,1,0
108.41,12.05,32.03,0.093,99.9,78619,2,1
89.51,12.27,21.23,0.308,44.2,68687,2,1
87.02,11.97,31.15,0.96,49.1,58886,2,1
95.72,11.83,40.8,0.209,43.1,22065,2,0
89.15,11.9,32.07,0.56,5.5,84317,1,1
94.97,12.9,39.07,0.565,32.8,48619,0,0
94.78,11.78,36.04,0.498,38.1,6080,1,1
93.01,12.54,29.87,0.796,45.6,84935,0,0
94.3,12.54,34.99,0.813,12.4,61557,0,1
94.35,13.18,44.75,0.343,37.3,102124,0,0
88.95,11.84,47.15,0.679,37.3,19785,0,0
106.22,13.44,36.2,0.908,49.7,88081,1,0
104.27,12.29,31.12,0.278,62.7,83195,1,1
80.81,13.02,39.19,0.602,27.0,37678,1,0
97.22,12.49,37.55,0.743,61.2,68255,0,0
102.81,12.51,45.63,0.148,75.5,29956,0,0
83.87,13.19,29.2,0.606,40.8,11495,1,0
82.24,12.92,29.81,0.055,65.6,47280,0,0
87.27,12.36,27.71,0.781,54.5,52726,2,1
95.22,12.34,35.0,0.813,34.5,85623,0,0
84.46,11.66,38.04,0.182,63.4,87381,0,0
95.86,12.9,28.75,0.603,67.4,52700,1,0
109.64,12.83,33.64,0.839,42.2,70043,1,1
89.36,13.39,40.9,0.753,61.7,93186,1,0
103.8,12.58,40.06,0.247,75.7,72426,2,1
91.65,12.79,29.85,0.056,25.8,98038,0,0
99.66,12.65,30.6,0.487,36.2,85689,1,0
81.73,11.61,38.32,0.674,49.3,33677,0,0
70.81,12.65,32.44,0.398,89.4,79155,1,0
80.75,11.83,24.57,0.47,18.6,57965,0,0
93.0,12.29,34.13,0.258,53.1,59833,3,1
93.51,12.98,28.25,0.358,16.7,84002,1,0
100.58,12.58,28.6,0.459,40.4,116632,0,1
92.59,13.25,30.72,0.71,44.9,45143,1,0
97.54,12.08,30.74,0.738,70.0,37685,0,1
82.94,12.72,36.44,0.385,11.3,47840,0,0
96.02,12.7,33.8,0.711,63.2,75368,2,1
82.74,11.76,44.92,0.199,55.1,61481,0,0
103.93,12.05,36.11,0.547,17.2,79179,1,1
104.01,11.57,39.63,0.368,24.1,82046,0,1
105.68,11.76,28.03,0.312,51.1,59663,0,1
84.22,12.56,24.18,0.647,39.4,93126,1,0
93.78,11.29,37.31,0.459,66.3,35446,0,1
85.76,12.77,27.02,0.482,53.5,55393,0,0
76.3,11.98,24.86,0.268,29.2,71774,0,0
101.12,13.12,33.26,0.0,50.9,95200,0,0
97.31,12.64,38.53,0.636,6.4,83379,0,1
105.35,12.34,42.91,0.331,53.6,75818,1,0
109.01,12.58,42.24,0.422,45.7,56693,1,0
97.54,13.54,26.22,0.325,7.6,52594,0,0
87.82,11.47,29.0,0.591,41.7,119780,2,1
97.56,12.71,44.37,0.712,42.5,33565,0,0
85.46,11.96,36.59,0.114,27.0,122655,1,0
93.92,11.98,39.8,0.191,48.9,54378,0,0
97.07,12.77,43.41,0.369,43.9,77112,1,0
90.92,12.73,45.47,0.068,65.7,20978,1,0
86.88,12.28,37.73,0.734,43.4,89249,0,0
80.36,12.47,37.16,0.691,46.9,84775,0,0
86.14,12.69,32.32,0.513,76.4,100152,1,0
98.97,12.32,33.44,0.394,27.9,65778,2,1
88.14,11.57,24.21,0.546,24.4,62101,1,1
75.22,12.35,35.44,0.413,47.1,36854,0,0
84.46,12.58,39.04,0.397,42.5,32916,1,0
83.2,12.75,37.04,0.647,10.7,8344,0,0
90.73,12.34,33.12,0.057,71.3,85171,2,0
80.97,12.16,29.35,0.472,48.7,76620,0,0
93.86,13.29,39.56,0.381,52.0,107642,1,0
110.85,12.55,39.83,0.651,33.4,61660,0,1
92.85,12.03,34.57,0.627,51.2,17214,2,1
91.58,12.61,43.59,0.679,46.6,29009,2,0
88.37,12.22,34.06,0.058,54.4,98445,0,0
90.26,12.39,34.39,0.666,42.4,103653,0,0
109.42,13.12,28.6,0.393,65.6,39700,1,1
84.0,12.41,29.74,0.725,56.1,73444,1,0
92.86,12.88,27.06,0.361,27.0,107479,1,0
99.78,13.27,30.46,0.512,62.5,92222,0,0
86.68,12.25,35.5,0.311,38.2,85236,1,0
84.51,12.2,44.18,0.513,46.1,6642,0,0
87.93,12.04,33.16,0.209,84.6,0,1,0
89.57,11.94,35.15,0.351,44.9,41913,1,0
100.15,12.53,40.17,0.896,11.9,64009,0,0
89.52,12.91,31.28,1.043,34.2,27326,0,0
89.41,12.18,30.99,0.475,21.1,28812,0,0
73.74,12.67,43.59,0.324,51.5,47055,0,0
100.29,12.43,36.31,0.575,62.1,56260,1,1
85.03,12.29,41.26,0.605,55.3,83191,0,0
79.34,11.57,33.29,0.958,62.9,30693,0,1
86.96,12.62,26.49,0.406,55.2,68070,0,0
91.7,12.63,37.32,0.182,46.8,33279,1,0
89.53,13.29,41.16,0.231,33.0,63027,1,0
104.12,12.89,37.18,0.619,57.5,41205,1,0
83.41,12.36,32.28,0.309,35.0,59964,0,0
85.17,12.77,32.24,0.781,4.3,48085,2,0
106.27,12.08,32.24,0.036,23.4,47083,1,0
84.01,12.21,34.21,0.546,30.1,85113,0,0
94.31,13.02,49.21,0.492,35.7,72684,0,0
82.86,12.62,40.17,0.508,60.9,76044,0,0
90.36,12.32,33.93,0.782,74.7,72604,0,1
106.65,12.23,43.97,0.066,73.3,59261,0,0
101.42,11.81,35.59,0.435,86.7,71459,1,1
94.93,12.21,24.85,0.734,71.7,74740,1,1
69.97,12.01,37.84,0.824,82.9,65978,1,0
87.6,11.35,22.67,0.188,0.0,52694,0,1
90.58,12.24,38.22,0.237,43.9,47545,0,0
95.01,12.96,39.63,0.867,45.8,57947,0,0
86.37,12.94,32.43,0.195,35.3,63435,2,0
96.21,13.01,45.0,0.409,48.4,39606,0,0
91.03,12.03,39.49,0.194,55.6,48663,1,0
103.82,12.66,36.44,0.624,39.3,79676,1,1
94.96,12.77,33.48,0.315,18.8,62505,0,0
81.26,12.62,35.81,0.44,55.0,34483,0,0
89.81,11.96,39.0,0.086,53.2,104877,0,0
92.96,12.19,35.68,0.309,40.0,61529,2,1
93.71,12.65,30.05,0.375,25.8,87743,2,0
80.91,11.67,41.27,0.513,30.3,97348,2,1
88.89,12.93,35.49,0.548,53.0,29141,0,0
79.77,12.96,34.91,0.742,29.2,98481,0,0
101.75,11.81,40.8,0.327,14.7,84647,1,1
101.43,12.51,46.06,0.255,91.7,44446,1,1
92.05,12.14,27.41,1.05,61.9,55215,1,1
87.35,12.48,38.39,0.501,57.6,42957,1,0
93.01,12.61,35.3,0.88,56.0,36042,0,0
80.01,12.54,30.81,0.0,26.5,10669,0,0
95.46,12.55,35.26,0.367,51.2,0,1,0
84.88,12.63,41.25,0.626,43.4,20206,1,0
92.86,11.92,29.02,0.893,19.4,27943,2,1
95.34,12.65,36.55,0.759,29.4,96966,0,0
80.75,13.01,49.78,0.637,34.5,68465,0,0
88.76,12.45,33.92,0.394,68.4,18837,1,0
84.98,12.18,28.35,0.581,64.6,52423,1,0
91.38,13.11,26.41,0.227,26.6,68908,0,0
84.56,12.3,38.73,0.0,25.7,54159,0,0
82.29,13.4,31.64,0.411,57.4,15337,0,0
91.19,12.65,29.27,0.516,68.4,30694,0,0
87.77,13.29,31.37,0.458,42.7,64415,0,0
85.8,12.13,44.57,0.593,45.1,72570,2,0
86.3,12.01,32.52,1.16,39.4,39185,1,0
90.94,11.79,32.69,0.526,37.1,72115,2,1
97.79,12.07,37.41,0.487,74.9,38030,0,0
97.87,12.28,27.88,0.076,56.1,32665,1,0
91.53,12.82,23.27,0.457,46.4,113694,0,0
92.58,11.87,34.8,0.066,40.0,104124,0,0
89.22,12.04,34.03,0.527,35.9,68109,0,1
98.92,12.33,35.21,0.547,41.7,69712,0,1
96.95,11.81,31.45,0.333,9.7,104406,1,1
87.06,12.85,25.4,0.598,52.6,104994,0,0
107.33,12.6,43.3,0.429,27.9,49621,1,1
87.48,12.7,31.41,0.843,72.5,67758,1,0
67.93,13.09,50.98,0.599,23.2,47898,1,0
99.4,12.9,36.59,0.409,57.3,151538,0,0
99.5,13.13,34.41,0.248,17.0,87208,0,0
88.79,12.83,44.82,0.82,77.8,47437,0,0
79.66,13.02,28.3,0.509,55.1,30902,1,0
89.64,13.0,31.62,0.741,65.5,117778,0,0
100.11,12.32,29.54,0.237,62.9,91912,2,1
89.84,11.2,32.93,0.669,24.5,45699,1,1
91.27,11.36,30.69,0.239,70.5,15765,1,1
95.5,12.18,47.49,0.283,37.7,82418,1,0
86.18,12.49,20.53,0.043,60.5,0,0,0
86.3,12.13,38.1,0.429,0.0,78079,1,0
84.87,11.5,46.94,0.486,63.8,73335,0,0
102.04,13.0,30.53,0.253,67.6,65100,0,0
80.06,12.95,35.67,0.264,40.0,24873,0,0
95.2,12.6,34.12,0.966,45.2,45396,1,1
82.54,13.33,36.16,0.335,68.5,84643,2,0
86.01,12.42,34.68,0.709,11.9,77984,0,0
80.77,11.93,37.96,0.665,48.5,88403,0,0
96.42,12.3,30.46,0.288,29.5,69251,0,0
96.03,12.73,28.62,0.737,58.6,63621,0,1
91.24,13.2,34.43,0.0,22.0,83225,1,0
100.73,13.21,32.72,0.723,60.3,34124,1,1
99.71,13.35,49.48,0.554,35.6,81583,1,0
94.47,11.53,31.69,0.31,2.3,76749,2,1
99.92,11.68,30.73,0.473,53.7,102365,0,1
90.57,12.56,27.99,0.398,42.8,0,1,0
86.48,12.25,34.62,0.91,34.3,19568,1,1
89.79,12.44,29.12,0.299,55.9,70576,1,0
99.98,12.05,39.0,0.567,22.3,39704,0,1
93.37,11.97,32.36,0.377,51.2,68361,1,1
94.02,12.96,27.82,0.361,51.3,48825,2,0
96.92,13.25,30.02,0.318,78.5,60156,0,0
96.24,12.93,20.3,0.445,32.7,117381,1,1
85.63,12.24,19.65,0.753,66.8,48391,0,1
87.31,12.45,40.85,0.606,29.7,124346,0,0
87.07,12.32,36.83,0.083,50.4,94471,0,0
97.39,12.65,28.97,0.293,51.6,74445,1,0
98.58,11.85,43.28,1.023,73.9,54840,1,1
89.74,13.55,23.37,0.586,41.3,75847,0,0
91.74,11.85,29.65,0.613,15.6,85297,1,1
83.23,13.12,45.12,0.433,76.0,65717,1,0
89.85,12.86,30.37,0.898,33.3,94175,1,1
76.24,12.38,38.51,0.616,34.6,90507,0,0
94.41,12.37,30.07,0.179,64.4,41221,0,0
89.38,12.56,31.92,0.345,14.1,109759,1,0
91.99,11.96,35.98,0.245,51.6,73969,0,0
97.11,12.6,25.87,0.313,43.3,96834,0,0
92.42,12.21,37.12,0.116,29.7,114107,1,0
95.82,12.19,28.46,0.555,30.0,99140,0,0
91.97,12.29,39.52,0.675,26.6,80999,2,1
100.19,12.09,41.4,0.527,68.2,67115,1,0
81.55,12.43,28.51,0.196,0.0,27628,1,0
96.65,11.48,46.56,0.796,0.0,0,1,0
86.16,12.57,23.21,0.655,43.0,16608,2,1
86.76,12.92,31.08,0.067,41.2,62576,0,0
92.74,12.31,35.98,0.761,44.2,81272,0,0
80.58,12.59,35.98,0.176,19.8,108928,1,0
92.78,12.06,35.58,0.552,14.0,25404,1,0
98.84,12.27,33.27,0.666,49.3,84637,0,1
97.16,12.26,33.0,0.607,62.3,40838,1,0
79.61,12.68,34.63,0.256,25.9,69932,1,0
93.39,12.2,41.02,0.993,43.4,44911,1,0
81.12,12.45,34.99,0.282,66.0,141133,1,0
91.87,12.64,34.3,0.508,51.7,31354,1,0
106.35,12.08,24.34,0.695,19.7,174913,2,1
85.05,12.76,39.59,0.44,34.4,38813,1,0
88.15,12.3,40.16,0.82,45.5,49371,1,0
87.91,11.99,31.98,0.575,67.0,122200,2,1
93.87,12.11,37.09,0.417,57.3,89996,0,1
97.28,12.19,30.47,0.894,24.4,114798,2,1
94.11,12.32,29.2,0.736,33.4,57223,3,1
111.95,13.21,40.19,0.684,84.2,53837,0,0
82.93,11.97,32.46,0.761,53.6,50994,0,0
82.4,11.88,25.12,0.558,52.9,44100,1,1
97.35,12.27,37.33,0.555,10.6,95584,1,1
96.69,13.07,27.32,1.095,33.1,28334,0,0
92.26,12.13,27.21,0.673,4.0,26487,3,1
90.12,12.5,36.22,0.65,48.3,66182,1,0
87.41,12.98,29.52,0.523,19.6,20004,0,0
94.44,13.08,32.12,0.464,38.7,110453,1,0
96.79,12.16,37.43,0.229,16.9,46613,0,0
89.13,12.38,29.29,0.768,55.1,56576,1,1
99.75,12.81,31.54,0.987,37.5,90075,1,1
98.36,11.96,23.57,0.857,58.2,59819,1,1
104.94,12.49,30.06,0.769,67.9,108507,0,1
88.24,12.67,41.98,0.4,38.5,69777,1,0
80.65,11.75,35.02,0.356,70.6,45379,1,0
110.87,12.09,31.28,1.015,86.7,48885,0,1
92.2,12.39,34.94,0.818,27.9,122916,0,0
99.66,12.59,41.9,0.865,48.3,5813,1,0
94.61,11.7,31.95,0.604,48.9,50099,1,1
95.21,12.24,34.06,0.0,57.5,86491,0,0
95.99,12.42,33.95,0.608,29.4,35529,0,0
101.33,12.98,32.8,0.527,88.6,51325,0,0
99.82,12.36,37.28,0.423,19.1,68306,2,0
95.72,11.59,35.44,0.615,72.2,59386,0,1
100.06,11.86,42.99,0.0,19.9,80209,1,0
90.96,12.0,34.92,0.798,11.7,87607,1,1
103.66,12.94,35.32,0.792,20.1,35951,2,1
89.36,11.78,38.04,0.293,0.0,51876,0,0
80.02,11.92,42.53,0.407,70.1,94306,0,0
98.89,12.1,27.22,0.756,24.8,103277,1,1
73.21,12.23,38.26,0.176,50.1,16055,2,0
111.1,12.58,45.99,0.827,55.4,14072,1,1
95.06,11.98,39.48,0.469,39.1,63124,1,1
90.82,13.29,37.6,0.915,28.1,52260,0,0
98.17,11.52,38.36,0.323,20.6,27118,1,0
93.75,12.2,33.5,0.148,36.0,92465,1,0
90.84,13.18,28.58,0.865,71.6,29366,1,0
100.08,12.83,42.83,0.29,13.8,41286,0,0
90.22,12.09,41.82,0.682,59.6,38660,0,1
84.13,12.3,37.47,0.444,80.3,44992,1,0
89.0,12.31,41.49,0.499,69.4,69579,0,0
76.87,12.43,39.48,0.48,49.4,102847,1,0
92.07,12.5,26.28,0.191,23.2,79428,0,0
98.09,11.86,26.24,0.124,77.9,53498,0,0
94.06,12.03,26.17,0.891,61.2,49825,0,1
102.53,13.14,39.5,0.484,34.8,56248,2,0
82.92,12.37,30.77,0.918,19.7,30873,0,0
70.13,11.92,27.34,0.571,71.2,73669,0,0
96.69,12.31,27.86,0.382,62.3,69808,1,0
90.78,12.23,33.49,0.182,75.5,44281,0,0
86.57,11.25,39.16,0.485,21.2,71055,0,0
77.2,11.97,38.16,0.454,15.7,48823,0,0
82.25,11.9,33.09,0.598,72.3,54131,0,0
91.34,12.02,26.87,0.249,50.4,77132,0,0
94.53,12.55,42.39,0.392,63.8,50649,0,0
96.73,12.75,39.63,0.633,34.1,545,0,0
87.33,12.61,43.46,0.468,27.2,102334,0,0
74.18,11.52,40.4,0.588,70.2,127322,0,0
90.58,12.48,41.39,0.319,76.7,2093,1,0
94.33,12.72,28.14,0.919,68.1,38813,0,0
87.54,11.41,36.5,0.627,47.1,53241,2,1
110.36,12.09,36.82,0.298,40.2,86862,1,1
99.6,12.06,18.55,0.0,86.3,25935,2,1
85.32,12.75,40.68,0.712,34.9,84327,1,0
95.08,12.87,26.58,0.933,77.1,33962,2,1
93.94,12.21,26.21,0.454,34.5,93177,0,0
84.08,12.79,36.6,0.709,32.4,66408,1,0
88.95,12.48,37.78,0.518,19.6,44550,0,1
93.78,11.55,32.68,0.209,91.8,78791,0,1
100.11,12.03,28.77,0.183,38.9,58005,0,1
94.56,12.36,40.57,0.047,43.2,23541,1,0
86.48,11.36,46.95,0.855,69.6,30353,1,1
95.07,13.09,48.49,0.555,53.3,104136,1,0
92.89,13.31,43.46,0.0,82.3,55448,0,0
96.25,12.48,35.21,0.871,60.5,38750,0,0
88.2,12.16,42.09,0.218,40.7,105469,0,0
88.98,13.46,37.83,0.236,22.3,35223,0,0
80.8,12.63,36.44,0.851,77.3,102866,0,0
83.04,13.46,34.63,0.878,63.3,47233,0,0
88.53,12.3,43.17,0.817,81.5,11068,0,0
110.37,13.58,32.17,0.523,50.1,116257,1,1
94.07,12.05,30.18,0.322,61.8,91606,3,1
92.55,12.08,36.29,0.712,0.8,29378,0,1
98.55,12.18,37.63,0.842,36.1,70913,0,1
94.12,12.7,31.48,0.275,50.2,51772,1,0
87.83,12.3,37.0,0.481,36.8,31738,0,0
100.96,13.42,32.71,0.601,56.6,73283,0,0
97.33,11.61,38.13,0.622,27.2,32122,2,1
107.94,11.77,32.0,0.339,28.7,38155,0,1
86.41,12.1,41.59,0.479,55.1,51612,0,0
99.01,12.96,42.18,1.082,86.3,59665,0,0
93.52,12.14,25.85,0.598,31.1,54450,0,1
80.5,13.35,29.51,0.624,42.8,27675,0,0
88.29,12.85,34.32,0.333,47.7,79111,1,0
86.01,11.82,41.13,0.315,46.8,29389,0,0
94.42,12.59,32.08,0.327,62.2,15081,0,0
94.08,13.02,38.27,0.705,32.5,57923,0,0
83.05,12.89,33.55,0.909,34.3,53229,0,0
94.65,12.89,23.16,0.599,76.6,110770,0,1
82.07,11.87,41.41,0.236,46.9,47637,2,0
106.8,12.72,29.99,0.997,48.3,76399,1,1
80.58,13.23,25.25,0.265,14.2,67293,0,0
76.09,11.99,38.59,0.711,17.8,51606,1,0
69.53,12.67,30.22,0.0,74.2,53379,1,0
92.15,12.13,30.7,0.666,46.9,65286,0,0
101.63,12.12,40.28,0.982,92.6,46524,0,1
108.64,12.32,37.93,0.556,38.8,88532,2,1
95.03,11.68,40.12,0.447,33.3,0,2,1
92.44,12.31,39.83,0.336,64.0,111153,1,0
74.34,12.26,21.99,0.535,59.0,67114,0,0
89.9,12.46,35.0,0.078,37.1,63194,0,0
103.09,12.3,34.89,0.451,13.3,104312,0,1
86.18,11.72,29.46,0.887,66.2,18216,0,1
103.94,12.12,28.42,0.406,40.4,125989,1,1
88.48,12.02,32.06,0.493,58.5,9562,1,0
88.76,12.61,38.31,0.088,46.8,56844,2,0
99.6,11.9,39.68,0.792,60.4,35889,2,1
95.21,12.56,33.86,0.34,44.8,47660,3,1
106.16,12.42,35.2,0.58,60.4,72617,0,1
99.73,13.81,31.96,0.401,37.9,103767,1,0
92.36,12.45,36.79,0.648,60.5,89463,2,0
91.07,12.21,37.04,0.703,56.9,59100,0,0
84.36,12.05,33.6,0.757,59.7,16335,0,0
97.97,12.32,35.06,0.409,62.0,70591,0,0
93.35,12.21,35.86,0.105,77.9,63731,2,0
98.55,12.16,31.21,0.158,59.3,69414,1,0
91.55,11.83,24.81,0.501,15.9,163516,1,1
99.2,12.52,28.48,0.561,79.3,33129,2,1
99.07,12.08,41.27,0.824,41.1,63232,1,1
103.29,12.35,34.19,0.525,52.6,17311,1,1
93.44,12.6,32.35,0.59,42.8,65359,0,0
101.7,12.22,35.97,0.786,41.5,28483,1,1
94.76,12.37,37.17,0.478,34.9,90586,0,0
105.53,12.09,34.16,0.52,40.8,76472,0,1
88.32,12.51,38.36,0.648,39.3,6256,1,0
94.84,12.37,29.11,0.585,49.5,85798,1,1
85.19,13.43,45.39,0.425,20.3,46666,0,0
96.92,12.72,24.26,0.007,48.5,99864,1,1
83.01,12.44,42.12,0.536,72.5,88236,0,0
81.15,12.44,46.71,0.101,42.8,92612,1,0
91.27,12.67,36.21,0.429,45.6,102471,0,0
87.53,12.43,34.25,0.717,72.1,56225,0,0
79.75,11.4,32.51,0.427,41.6,11338,1,1
89.13,13.27,25.19,0.715,60.5,61598,1,0
84.14,11.71,40.91,0.633,54.5,50897,0,0
80.79,11.93,38.74,0.625,39.9,106338,0,0
105.83,13.3,43.59,0.853,26.9,50664,0,1
81.29,12.18,31.35,0.301,27.4,110569,1,0
82.5,12.14,36.51,0.443,42.8,44381,1,0
97.64,12.9,39.08,0.433,46.6,0,0,0
92.05,11.82,27.97,0.415,32.4,36570,2,1
95.43,11.9,44.9,0.865,44.0,82136,0,0
106.56,12.71,35.27,0.573,47.8,81420,2,1
84.93,12.4,35.33,0.128,78.8,66166,0,0
88.7,11.8,42.76,0.583,51.8,98345,2,0
85.32,12.17,37.89,0.411,50.7,96177,2,0
90.0,13.03,31.47,0.49,53.2,99151,0,0
91.74,12.65,34.68,0.559,21.9,33659,0,0
92.93,12.53,38.33,0.112,54.4,45754,0,0
97.96,11.75,43.38,0.198,40.7,67691,0,0
96.56,12.15,29.84,0.485,47.6,78533,0,1
89.6,11.62,29.23,0.565,46.1,0,0,1
95.31,11.69,37.23,0.462,45.4,60435,1,1
98.39,12.43,41.51,0.5,38.2,0,1,0
79.04,11.35,34.7,0.259,39.5,102912,0,0
95.22,12.59,21.58,0.655,89.1,53023,2,1
105.56,12.14,45.16,0.104,49.5,73047,0,0
101.32,11.9,34.81,0.553,38.3,55802,0,1
85.77,12.69,41.21,0.562,32.9,63979,3,0
80.79,11.35,41.73,0.224,42.4,40192,0,0
97.03,12.33,30.95,0.076,51.0,59764,0,0
80.38,12.12,37.48,0.117,44.2,35376,1,0
96.31,11.83,25.96,0.885,41.3,22991,0,1
83.21,12.76,23.07,1.016,46.2,43143,0,0
88.31,11.94,37.48,0.474,44.8,76323,2,0
82.51,12.59,29.66,0.025,20.2,115898,1,0
85.83,12.99,34.62,0.012,0.0,23145,1,0
80.15,12.96,48.4,0.0,21.7,50085,0,0
73.84,12.03,34.41,0.121,50.4,26199,0,0
78.84,13.24,24.02,0.433,48.6,87377,0,0
100.98,12.84,24.1,0.636,55.2,48144,2,1
88.18,12.39,36.43,0.576,59.2,53116,0,0
88.52,12.34,35.52,0.45,55.0,62959,1,0
97.51,12.57,40.99,0.421,32.3,83779,0,0
87.84,12.62,27.79,0.645,17.6,65596,2,0
98.88,12.49,44.14,0.575,57.7,37394,0,0
87.81,11.76,25.51,1.037,40.3,60429,2,1
99.54,12.08,32.6,0.472,39.9,13045,1,1
91.96,12.03,36.58,0.493,32.3,108356,1,0
91.03,12.44,43.27,0.86,54.0,0,0,0
79.96,12.58,24.58,0.868,41.4,52201,0,0
74.77,12.46,34.04,0.644,40.5,86061,1,0
94.78,12.12,34.36,0.502,50.8,6310,2,0
96.89,12.49,30.12,0.82,53.1,42158,0,1
95.15,12.28,41.32,0.815,69.3,47310,0,0
91.49,12.3,25.88,0.439,38.7,49339,0,0
84.16,12.22,39.3,0.578,62.8,51052,0,0
105.6,11.83,37.58,0.602,18.3,41012,2,1
87.63,12.68,44.68,0.68,53.1,88470,0,0
94.57,12.61,34.73,0.464,77.8,79452,2,1
91.08,12.37,37.38,0.407,79.9,31550,1,0
82.98,12.49,39.83,0.644,28.3,32151,1,0
98.67,12.83,36.45,0.428,0.0,52549,0,0
92.33,11.44,32.23,0.636,44.5,70491,0,1
92.36,12.28,28.45,0.0,23.9,85960,2,0
99.7,12.9,38.16,0.0,24.6,20016,1,0
88.77,13.24,33.63,0.526,52.7,65114,1,0
87.15,12.03,29.75,0.674,60.6,0,0,1
88.8,12.78,41.81,0.405,14.4,99849,0,0
101.67,12.08,30.84,0.223,36.4,62509,0,1
80.76,12.32,34.95,0.698,42.8,84554,0,0
106.48,11.79,29.92,0.407,32.0,112601,0,1
91.27,12.92,29.45,0.14,53.5,49570,1,0
89.08,11.96,29.91,0.442,52.8,22179,1,1
100.13,11.9,37.91,0.925,51.2,43304,0,1
92.25,12.98,33.99,0.821,34.1,56069,0,0
106.33,12.21,35.48,0.498,62.5,124882,1,1
102.57,12.36,33.68,0.819,47.0,69215,1,1
84.48,12.08,32.71,0.582,52.9,85788,1,0
95.7,12.07,30.47,0.441,54.6,0,0,0
100.02,11.99,40.44,0.514,33.6,42977,0,1
84.34,11.96,34.2,0.815,51.2,45514,0,0
94.72,13.29,36.84,0.35,8.0,10230,2,0
98.29,12.35,32.32,0.51,53.0,42493,0,0
94.61,12.71,38.46,0.615,35.5,96858,0,0
92.84,12.62,43.24,0.694,14.3,77376,0,0
84.71,12.83,33.31,1.012,9.7,62820,0,0
80.94,12.4,39.31,0.21,23.2,93496,0,0
81.87,13.01,36.39,0.709,32.5,72742,0,0
84.72,12.07,48.88,0.589,46.2,106364,0,0
86.36,12.7,29.89,0.698,37.9,0,1,0
93.03,12.87,41.85,0.495,64.2,111277,0,0
97.71,11.5,40.67,0.469,45.6,47002,1,1
91.14,12.25,47.22,0.777,29.1,67257,1,0
96.98,12.22,32.25,0.781,46.0,73114,2,1
96.24,11.19,38.48,0.444,0.0,38760,1,1
93.87,12.09,34.48,0.409,74.6,92936,1,1
78.84,12.6,34.42,0.358,58.7,50685,2,0
92.98,11.8,42.05,0.538,55.1,65648,1,0
102.72,13.13,38.96,0.218,42.3,82153,1,0
92.13,13.11,35.06,0.407,44.5,60707,0,0
88.47,11.95,29.1,0.434,0.0,47968,1,0
81.96,11.91,34.96,0.083,24.8,55488,0,0
93.84,12.08,30.35,0.36,36.8,98978,0,1
87.13,12.71,35.34,0.543,18.8,76862,2,0
95.35,11.6,31.99,0.329,45.1,65448,1,1
83.07,12.45,22.88,0.612,24.8,67109,3,1
106.45,11.72,34.44,0.579,25.7,66453,0,1
85.89,12.13,28.19,0.478,81.9,35638,0,0
98.28,13.46,44.41,1.172,64.2,97525,0,0
93.9,13.0,41.03,0.538,51.7,28217,0,0
101.16,12.59,39.61,0.688,11.1,63992,2,1
90.62,11.76,49.36,0.769,62.8,48046,0,0
90.92,12.01,43.35,0.933,61.4,76317,0,0
85.53,13.57,37.66,0.805,12.5,87766,1,0
91.42,13.51,37.22,0.5,54.9,41731,0,0
69.89,12.68,41.23,0.367,64.4,76029,2,0
107.47,12.27,39.46,0.447,5.9,37362,1,0
87.02,11.87,29.37,0.087,19.4,35700,1,0
92.43,13.32,30.62,0.58,60.7,50652,4,0
102.16,12.61,36.48,0.317,56.4,25883,1,0
100.6,12.25,36.56,0.594,26.7,52532,0,0
90.39,12.58,38.59,0.744,51.7,55167,0,1
78.49,12.76,38.85,0.733,91.2,73500,1,0
98.75,12.0,42.72,0.414,12.8,92717,0,1
94.4,12.65,32.28,0.715,52.2,66177,1,0
82.98,12.25,48.29,0.863,55.3,19505,1,0
93.88,12.64,40.71,0.476,30.3,8353,0,0
108.37,12.67,34.18,0.562,0.0,15537,0,0
93.73,12.69,20.27,1.002,65.9,85171,0,1
95.22,12.04,42.52,0.635,43.2,103000,0,0
82.41,11.93,46.49,0.598,29.3,20209,1,0
85.34,12.38,33.33,0.257,50.1,39426,1,0
89.25,12.73,37.07,0.617,68.4,79118,1,0
87.68,12.49,44.22,0.691,35.0,23507,0,0
100.25,12.9,42.12,0.388,4.9,23030,1,0
96.56,12.46,35.8,0.586,83.4,71509,0,0
80.28,12.41,27.46,0.736,40.2,74339,0,1
85.86,12.6,41.69,0.336,44.2,56514,1,0
84.02,12.69,38.39,0.49,56.1,45219,0,0
102.67,11.96,26.04,0.712,23.6,25213,1,1
101.19,12.41,38.19,0.237,49.4,86171,0,0
82.16,12.38,49.67,0.0,24.1,33188,1,0
94.74,11.88,33.54,0.191,12.4,47843,1,0
82.62,12.79,36.77,0.226,78.2,12204,2,0
92.83,12.83,29.49,0.352,36.0,101434,1,0
97.05,12.18,34.29,0.806,92.7,78631,0,1
73.73,12.94,36.55,0.311,54.9,25319,0,0
105.61,12.14,31.73,0.335,39.8,54271,1,1
88.52,12.05,38.28,0.622,70.6,57409,0,0
95.74,13.12,42.59,0.673,48.9,57979,2,0
91.4,13.13,32.07,0.272,56.2,48707,1,0
98.26,12.22,27.7,0.417,96.8,95727,2,1
97.92,12.41,36.91,0.063,93.7,33378,1,0
101.85,12.99,36.24,0.225,66.4,90921,0,0
93.81,11.95,32.04,0.605,75.2,43646,2,1
105.39,12.24,38.57,0.493,31.7,90519,0,1
105.44,12.35,31.75,0.683,19.2,92330,1,1
94.09,12.08,38.14,0.831,49.9,10749,3,1
93.7,13.12,40.98,0.348,47.6,30560,0,0
100.48,12.54,40.62,0.505,91.5,54584,0,0
103.05,11.27,36.64,0.42,59.8,26376,0,1
98.14,12.84,44.65,0.49,29.9,95374,2,0
89.17,12.79,37.19,0.313,49.2,52177,0,0
96.03,12.69,32.49,0.599,34.0,86111,2,1
98.12,12.6,34.6,0.551,62.7,56858,0,0
101.88,12.12,38.39,0.309,57.9,73227,0,1
94.27,12.71,36.36,0.328,38.6,116780,0,0
101.26,11.69,27.49,0.401,38.9,36545,0,1
102.58,11.89,48.01,0.642,19.3,81127,0,1
109.72,12.91,32.58,0.437,22.7,64867,0,1
91.04,13.07,25.11,0.333,55.6,68977,0,0
99.56,11.88,39.19,0.519,41.8,42351,2,1
67.86,12.31,42.3,0.51,39.8,112809,1,0
89.33,12.35,37.16,0.86,53.7,94375,0,1
77.2,11.81,33.94,0.684,51.4,47836,0,0
69.92,12.42,31.76,0.591,44.8,75711,1,0
100.7,12.91,36.16,0.553,78.1,59422,0,0
95.77,12.66,42.59,0.418,26.6,21100,1,0
96.26,12.61,40.93,0.816,53.9,1042,0,0
85.5,11.76,31.23,0.558,36.0,44678,0,1
99.41,11.83,20.38,0.539,30.9,68757,0,1
94.97,11.47,34.92,0.195,47.8,73906,0,1
98.06,13.17,24.97,0.571,65.2,73172,0,0
96.85,13.35,43.23,0.0,42.2,94065,0,0
94.23,11.69,21.83,0.987,17.8,46266,1,1
87.78,12.68,44.71,0.79,27.9,57327,0,0
95.67,12.34,38.68,0.387,46.8,135399,2,0
75.77,11.89,42.44,0.334,46.6,59651,1,0
88.24,11.81,34.7,0.494,48.3,73476,0,1
91.89,13.3,27.76,0.319,20.4,0,0,0
83.84,12.88,39.1,0.359,56.8,38034,1,0
83.51,12.42,26.52,0.354,78.9,98539,1,1
94.3,12.9,37.33,0.498,22.1,0,0,0
91.58,12.05,38.79,0.61,62.9,44870,2,0
105.02,11.73,46.33,0.814,38.2,51412,0,1
91.58,11.22,35.38,0.784,43.0,77875,1,1
100.3,12.14,45.68,0.478,52.0,51049,0,0
91.9,12.4,30.37,0.0,45.5,21763,1,0
102.34,12.32,33.05,0.358,51.4,40306,1,1
94.48,12.11,34.4,0.585,18.6,73005,2,1
90.76,11.93,35.42,0.077,55.8,32516,0,0
96.22,12.81,35.76,0.559,62.4,111445,0,0
93.71,12.56,29.48,0.636,41.3,42809,0,0
99.34,11.99,41.52,0.305,70.8,50555,0,1
97.1,11.81,32.77,0.353,33.3,65801,1,0
87.62,13.03,44.6,0.3,51.8,42969,0,0
88.59,12.45,25.66,0.282,49.7,67132,0,0
98.39,11.9,28.15,0.723,36.4,6268,1,1
102.18,11.77,35.12,0.581,60.8,30791,2,1
100.45,12.71,38.88,0.608,9.2,42970,2,1
94.3,12.17,37.31,0.125,54.6,69036,0,0
89.82,12.25,35.42,0.223,18.7,0,0,0
93.88,12.41,34.32,0.452,46.8,53068,0,1
95.78,11.78,38.39,0.581,53.7,56036,1,0
82.26,13.04,34.92,0.159,33.5,0,0,0
94.63,11.83,33.76,0.701,58.6,91729,1,1
85.62,12.3,24.84,0.441,66.8,105385,0,1
99.54,12.53,41.2,0.567,71.7,66661,1,0
92.2,12.86,31.91,0.699,20.5,56325,0,0
92.41,12.68,34.48,0.678,32.2,99748,0,1
93.7,11.93,44.17,0.603,40.3,52996,1,1
98.32,11.9,27.23,0.203,72.8,64474,0,0
96.55,12.25,39.35,0.578,54.8,64460,0,1
99.24,12.85,34.41,0.495,34.1,43528,1,0
100.91,12.21,41.55,0.373,20.5,95335,0,0
91.48,12.69,43.49,0.655,32.7,42930,1,0
85.72,11.69,32.05,0.581,46.0,91270,0,0
90.48,11.79,36.16,0.71,46.5,47772,2,0
86.13,13.77,30.68,0.649,45.1,9489,1,0
87.26,12.61,32.54,0.296,38.2,37148,3,0
95.33,12.43,30.57,0.679,41.9,84425,0,0
74.12,12.36,36.34,0.099,27.7,88137,0,0
99.14,12.35,41.62,0.452,48.5,50688,0,0
90.94,12.24,37.67,0.353,56.9,49709,1,0
94.93,12.06,31.25,0.86,33.8,73053,1,1
100.97,12.78,25.54,0.434,50.8,23416,0,0
82.59,12.01,36.35,0.666,30.4,74895,1,1
99.85,11.77,47.92,0.348,26.9,37004,1,0
85.16,12.76,28.86,0.499,7.2,40570,1,0
97.9,13.25,36.47,0.499,72.2,92381,1,0
77.11,11.75,35.21,0.743,14.3,68100,0,0
96.0,12.37,34.02,0.244,72.9,60807,1,0
93.12,12.14,39.84,0.577,54.3,66629,0,0
89.72,13.01,35.91,0.749,7.2,68120,0,0
87.91,12.57,32.58,0.0,26.4,37891,1,0
87.75,12.85,46.7,0.819,31.7,4249,0,0
80.92,12.86,39.06,0.19,48.2,33197,0,0
79.0,12.75,43.84,0.61,52.8,70529,1,0
97.06,12.49,42.26,0.481,50.8,88575,1,0
93.3,12.31,38.75,0.727,30.8,104835,1,1
95.35,13.45,28.17,0.863,32.3,58911,0,0
96.83,11.97,23.01,0.297,3.4,512,1,0
95.86,12.34,32.46,0.8,60.8,0,1,0
93.26,13.39,43.36,0.287,24.9,54512,1,0
88.9,12.23,39.62,0.644,43.6,54660,1,0
102.54,12.37,39.55,0.582,3.2,28517,0,0
91.52,13.31,28.36,0.693,2.1,28331,0,0
97.76,11.46,28.75,0.108,23.8,20624,0,0
93.09,11.42,41.17,0.662,66.4,101506,0,1
87.9,12.28,30.41,0.417,50.8,0,0,0
104.32,11.43,37.22,0.424,64.3,13900,1,1
93.39,11.88,20.95,0.251,71.3,74122,2,1
98.43,12.99,28.98,0.569,67.3,32929,1,0
68.02,11.79,36.12,0.838,31.5,99301,2,0
99.79,12.04,30.76,0.232,81.7,66084,0,1
87.41,12.82,26.24,0.0,66.1,37653,0,0
96.71,11.58,26.53,0.736,34.2,55337,0,1
82.09,12.2,30.25,0.792,57.4,50302,0,0
104.29,12.95,42.56,0.213,51.1,35634,0,0
103.22,13.06,36.03,0.252,60.8,92148,1,0
89.65,13.46,41.93,0.126,62.1,103020,2,0
81.21,12.34,39.98,0.363,55.0,59853,1,0
92.98,12.6,37.88,0.822,61.6,10002,3,1
90.08,12.52,33.54,0.418,39.7,51482,0,0
87.82,12.57,32.28,0.38,26.2,43918,0,0
91.29,12.05,34.79,0.545,23.4,60964,0,0
90.06,11.87,38.89,0.695,64.5,26060,0,0
88.7,12.32,41.71,0.211,65.8,0,3,0
74.97,11.94,44.5,0.677,91.5,70030,0,0
97.23,12.34,32.51,0.531,76.1,111412,0,1
97.22,13.46,29.52,0.663,65.0,45191,1,1
102.07,11.99,38.16,0.571,34.8,74450,0,1
98.94,12.34,27.61,0.563,64.2,55701,1,1
99.79,12.0,32.18,0.814,43.2,41970,0,1
96.39,12.09,45.66,0.623,30.1,70295,2,1
85.74,11.54,29.05,0.684,84.0,31428,0,0
74.29,12.31,45.12,0.716,18.7,12800,2,0
93.74,12.19,37.53,0.784,57.1,56969,0,0
79.05,12.44,31.56,0.387,11.5,85163,1,0
103.09,11.72,39.01,0.839,43.0,66633,1,1
93.67,12.37,36.77,0.175,40.9,28849,0,0
80.11,12.62,23.41,0.839,46.8,90455,1,0
94.01,11.94,42.48,0.504,78.1,89068,1,1
89.79,12.66,44.03,0.481,43.1,55628,0,0
103.25,12.11,32.17,0.58,71.0,79247,1,1
85.57,12.21,29.69,0.665,40.3,55253,0,0
91.02,12.93,31.16,0.369,41.5,58432,2,0
98.97,12.51,42.99,0.572,41.2,16155,1,0
82.0,11.96,30.02,0.49,73.3,105253,0,1
80.76,12.35,32.05,0.337,21.0,71224,0,0
102.53,12.0,29.74,0.585,63.3,117490,0,1
96.56,13.21,34.24,0.452,33.0,44026,1,0
102.36,12.67,41.91,0.451,25.7,54061,1,1
100.19,12.1,34.32,0.358,53.9,37240,0,0
91.98,11.52,26.11,0.424,73.7,60177,0,0
83.63,12.97,41.57,0.253,67.6,22815,0,0
87.65,12.88,43.71,0.589,66.2,115977,1,0
95.8,12.08,38.0,0.778,25.6,67342,2,1
88.08,12.19,35.31,1.115,31.7,15032,2,0
94.74,12.09,42.02,0.385,66.2,37311,1,0
91.18,13.16,38.33,0.419,47.3,12094,1,0
99.47,12.23,38.61,0.47,58.4,52939,0,0
82.51,11.92,44.53,0.797,53.8,54731,0,0
103.38,12.52,20.1,0.426,69.3,48045,1,1
79.96,12.46,36.94,0.341,54.7,99626,2,0
81.54,12.35,37.63,0.445,22.1,64064,2,0
89.03,11.77,34.8,0.569,52.3,42500,0,1
85.18,12.53,33.66,0.605,42.5,31604,2,0
76.71,12.55,30.63,0.472,10.1,86191,3,0
90.47,13.36,32.19,0.161,82.9,106548,1,0
86.63,12.84,24.1,0.096,64.3,87856,0,0
91.53,12.14,30.27,0.527,71.5,102150,0,0
89.24,12.64,38.51,0.67,58.2,9100,0,0
85.79,13.17,24.37,0.482,24.5,70059,0,0
84.74,12.42,29.86,0.851,32.9,27254,0,0
105.92,12.2,31.11,0.86,35.5,47706,2,1
109.73,11.7,37.42,0.256,39.7,74107,2,1
105.87,12.64,31.98,0.63,36.3,42578,1,1
103.89,11.68,40.01,0.103,50.1,51641,1,1
97.28,12.47,29.88,0.264,48.8,72563,0,1
84.23,12.32,18.25,0.079,21.5,62077,2,0
93.52,12.94,30.79,0.295,72.3,46552,1,0
85.57,12.85,34.74,0.349,35.7,75084,2,0
93.68,12.11,24.36,0.376,43.9,40564,1,1
101.54,13.15,40.11,0.509,61.3,76043,1,0
92.21,12.79,40.1,0.836,40.7,61523,1,0
88.61,12.38,24.85,0.62,63.5,39805,0,1
84.66,12.93,29.17,0.525,76.1,5609,0,0
78.2,12.34,31.81,0.259,65.5,37530,0,0
87.18,12.3,32.17,0.547,37.9,62115,0,0
94.99,11.61,42.82,0.336,94.0,44349,1,0
96.91,12.98,27.43,0.359,42.7,0,2,0
95.58,11.7,27.62,0.318,47.2,97805,1,1
84.89,11.76,35.27,0.828,55.6,47559,0,0
83.94,12.69,28.97,0.178,55.4,45809,1,0
101.72,12.17,34.68,0.691,57.9,11918,0,0
95.68,12.89,40.4,0.058,33.1,67237,1,0
97.66,12.53,40.48,0.336,21.9,54056,1,0
97.63,12.13,28.27,0.347,57.8,48601,2,1
92.06,12.17,36.62,0.258,55.1,2120,0,0
96.67,12.14,27.28,0.386,83.6,36939,0,0
85.27,12.21,37.41,0.898,39.6,32204,0,0
86.79,12.02,45.62,0.678,45.3,0,1,0
90.81,12.82,42.64,0.332,60.5,5826,0,0
105.89,12.78,37.14,0.647,39.1,0,1,0
98.21,12.93,36.77,0.102,29.2,45588,1,0
80.46,12.5,34.63,0.337,34.9,47158,2,0
86.6,12.46,32.79,0.439,56.0,56583,1,0
95.16,12.68,41.74,0.757,38.2,28284,0,0
102.31,12.63,34.94,0.392,60.4,79810,1,1
101.27,12.95,25.92,0.632,21.0,1876,1,0
95.59,13.06,34.79,0.432,25.9,46085,0,0
87.29,11.93,42.84,0.181,46.6,46163,1,0
97.28,12.64,37.25,0.133,37.2,48296,0,0
80.45,11.18,37.9,0.666,71.4,101571,0,0
77.97,13.37,32.96,0.029,75.1,79904,0,0
94.62,13.12,32.41,0.426,37.0,26963,1,0
95.94,12.35,34.0,0.759,33.7,80662,0,1
96.91,12.24,49.09,0.601,71.5,26320,3,1
99.59,12.18,32.7,0.613,47.8,94805,2,1
103.8,12.7,41.21,0.44,47.8,55132,1,0
89.73,13.11,39.47,0.367,42.2,119787,1,0
88.44,12.12,33.79,0.301,45.0,75483,0,0
84.23,12.73,42.36,0.317,16.3,106629,0,0
80.74,12.66,40.79,0.497,34.0,68363,1,0
103.95,12.99,34.96,0.767,64.6,84435,1,0
89.76,12.39,48.03,0.592,51.7,23237,1,0
92.29,12.18,38.8,0.756,21.8,50041,1,0
87.71,12.49,44.4,0.576,75.8,52441,0,0
100.48,12.54,35.15,0.778,46.1,72123,2,1
85.67,12.87,34.19,0.709,48.9,42340,0,0
87.35,12.27,27.79,0.439,32.1,84932,0,0
95.98,12.45,38.99,0.506,25.7,6484,1,0
99.91,11.39,30.73,0.571,26.5,71487,1,1
83.61,12.09,39.52,0.161,40.0,61198,2,0
85.84,12.59,31.13,0.792,46.1,6609,2,0
89.94,12.18,34.98,0.55,30.1,27052,1,0
103.54,12.73,35.54,0.007,34.2,42557,1,0
